original_path	mtime_epoch	size_bytes	classification	destination
Outputs/cleanup-staging/2026-05-17-stale-files.tar.gz	1779006048	27664	stale report	cleanup-staging/2026-05-23/files/Outputs/cleanup-staging/2026-05-17-stale-files.tar.gz
Outputs/cleanup-staging/2026-05-17/files/.clawhub/lock.json	1775877215	121	stale report	cleanup-staging/2026-05-23/files/Outputs/cleanup-staging/2026-05-17/files/.clawhub/lock.json
Outputs/cleanup-staging/2026-05-17/files/Distilled_Lessons/2026-03-31.md	1777997931	654	stale report	cleanup-staging/2026-05-23/files/Outputs/cleanup-staging/2026-05-17/files/Distilled_Lessons/2026-03-31.md
Outputs/cleanup-staging/2026-05-17/files/Distilled_Lessons/Distilled_Lessons__2026-05-05-completion-is-verified-state-not-milestone.md	1777981536	931	stale report	cleanup-staging/2026-05-23/files/Outputs/cleanup-staging/2026-05-17/files/Distilled_Lessons/Distilled_Lessons__2026-05-05-completion-is-verified-state-not-milestone.md
Outputs/cleanup-staging/2026-05-17/files/Distilled_Lessons/Distilled_Lessons__2026-05-05-completion-requires-verified-state.md	1777981564	1976	stale report	cleanup-staging/2026-05-23/files/Outputs/cleanup-staging/2026-05-17/files/Distilled_Lessons/Distilled_Lessons__2026-05-05-completion-requires-verified-state.md
Outputs/cleanup-staging/2026-05-17/files/Distilled_Lessons/Distilled_Lessons__2026-05-05-thorough-verification-before-completion.md	1777981248	1304	stale report	cleanup-staging/2026-05-23/files/Outputs/cleanup-staging/2026-05-17/files/Distilled_Lessons/Distilled_Lessons__2026-05-05-thorough-verification-before-completion.md
Outputs/cleanup-staging/2026-05-17/files/event-log/minor-action-fallback.md	1777654071	662	stale report	cleanup-staging/2026-05-23/files/Outputs/cleanup-staging/2026-05-17/files/event-log/minor-action-fallback.md
Outputs/cleanup-staging/2026-05-17/files/memory/migration-backups/20260516-daily-note-normalization/2026-05-05-request-timed-out-before-a-res.md	1778031128	32633	stale migrated backup	cleanup-staging/2026-05-23/files/Outputs/cleanup-staging/2026-05-17/files/memory/migration-backups/20260516-daily-note-normalization/2026-05-05-request-timed-out-before-a-res.md
Outputs/cleanup-staging/2026-05-17/files/memory/migration-backups/20260516-daily-note-normalization/2026-05-07-closed-book.md	1778128073	17622	stale migrated backup	cleanup-staging/2026-05-23/files/Outputs/cleanup-staging/2026-05-17/files/memory/migration-backups/20260516-daily-note-normalization/2026-05-07-closed-book.md
Outputs/cleanup-staging/2026-05-17/files/memory/migration-backups/20260516-daily-note-normalization/2026-05-08-trust-breach.md	1778274732	4999	stale migrated backup	cleanup-staging/2026-05-23/files/Outputs/cleanup-staging/2026-05-17/files/memory/migration-backups/20260516-daily-note-normalization/2026-05-08-trust-breach.md
Outputs/cleanup-staging/2026-05-17/files/memory/migration-backups/20260516-daily-note-normalization/2026-05-10-0851.md	1778417491	3259	stale migrated backup	cleanup-staging/2026-05-23/files/Outputs/cleanup-staging/2026-05-17/files/memory/migration-backups/20260516-daily-note-normalization/2026-05-10-0851.md
Outputs/cleanup-staging/2026-05-17/files/memory/migration-backups/20260516-daily-note-normalization/2026-05-10-greeting.md	1778396452	221	stale migrated backup	cleanup-staging/2026-05-23/files/Outputs/cleanup-staging/2026-05-17/files/memory/migration-backups/20260516-daily-note-normalization/2026-05-10-greeting.md
Outputs/cleanup-staging/2026-05-17/files/memory/migration-backups/20260516-daily-note-normalization/2026-05-11-1441.md	1778524875	243	stale migrated backup	cleanup-staging/2026-05-23/files/Outputs/cleanup-staging/2026-05-17/files/memory/migration-backups/20260516-daily-note-normalization/2026-05-11-1441.md
Outputs/cleanup-staging/2026-05-17/files/memory/migration-backups/20260516-daily-note-normalization/2026-05-14-0305.md	1778742335	3966	stale migrated backup	cleanup-staging/2026-05-23/files/Outputs/cleanup-staging/2026-05-17/files/memory/migration-backups/20260516-daily-note-normalization/2026-05-14-0305.md
Outputs/cleanup-staging/2026-05-17/files/skills/sqlite/.clawhub/origin.json	1775877215	138	stale report	cleanup-staging/2026-05-23/files/Outputs/cleanup-staging/2026-05-17/files/skills/sqlite/.clawhub/origin.json
Outputs/cleanup-staging/2026-05-17/files/skills/sqlite/_meta.json	1775877215	125	stale report	cleanup-staging/2026-05-23/files/Outputs/cleanup-staging/2026-05-17/files/skills/sqlite/_meta.json
Outputs/cleanup-staging/2026-05-17/manifest.json	1779006048	11022	stale report	cleanup-staging/2026-05-23/files/Outputs/cleanup-staging/2026-05-17/manifest.json
Outputs/cleanup-staging/2026-05-18/bundle/memory/migration-backups/20260516-daily-note-normalization/2026-05-05-request-timed-out-before-a-res.md	1778031128	32633	stale migrated backup	cleanup-staging/2026-05-23/files/Outputs/cleanup-staging/2026-05-18/bundle/memory/migration-backups/20260516-daily-note-normalization/2026-05-05-request-timed-out-before-a-res.md
Outputs/cleanup-staging/2026-05-18/bundle/memory/migration-backups/20260516-daily-note-normalization/2026-05-07-closed-book.md	1778128073	17622	stale migrated backup	cleanup-staging/2026-05-23/files/Outputs/cleanup-staging/2026-05-18/bundle/memory/migration-backups/20260516-daily-note-normalization/2026-05-07-closed-book.md
Outputs/cleanup-staging/2026-05-18/bundle/memory/migration-backups/20260516-daily-note-normalization/2026-05-08-trust-breach.md	1778274732	4999	stale migrated backup	cleanup-staging/2026-05-23/files/Outputs/cleanup-staging/2026-05-18/bundle/memory/migration-backups/20260516-daily-note-normalization/2026-05-08-trust-breach.md
Outputs/cleanup-staging/2026-05-18/bundle/memory/migration-backups/20260516-daily-note-normalization/2026-05-10-0851.md	1778417491	3259	stale migrated backup	cleanup-staging/2026-05-23/files/Outputs/cleanup-staging/2026-05-18/bundle/memory/migration-backups/20260516-daily-note-normalization/2026-05-10-0851.md
Outputs/cleanup-staging/2026-05-18/bundle/memory/migration-backups/20260516-daily-note-normalization/2026-05-10-greeting.md	1778396452	221	stale migrated backup	cleanup-staging/2026-05-23/files/Outputs/cleanup-staging/2026-05-18/bundle/memory/migration-backups/20260516-daily-note-normalization/2026-05-10-greeting.md
Outputs/cleanup-staging/2026-05-18/bundle/memory/migration-backups/20260516-daily-note-normalization/2026-05-11-1441.md	1778524875	243	stale migrated backup	cleanup-staging/2026-05-23/files/Outputs/cleanup-staging/2026-05-18/bundle/memory/migration-backups/20260516-daily-note-normalization/2026-05-11-1441.md
Outputs/cleanup-staging/2026-05-18/bundle/memory/migration-backups/20260516-daily-note-normalization/2026-05-14 copy.md	1778772412	768	stale migrated backup	cleanup-staging/2026-05-23/files/Outputs/cleanup-staging/2026-05-18/bundle/memory/migration-backups/20260516-daily-note-normalization/2026-05-14 copy.md
Outputs/cleanup-staging/2026-05-18/bundle/memory/migration-backups/20260516-daily-note-normalization/2026-05-14-0305.md	1778742335	3966	stale migrated backup	cleanup-staging/2026-05-23/files/Outputs/cleanup-staging/2026-05-18/bundle/memory/migration-backups/20260516-daily-note-normalization/2026-05-14-0305.md
Outputs/cleanup-staging/2026-05-18/bundle/memory/migration-backups/20260516-daily-note-normalization/2026-05-14-1528.md	1778786907	207	stale migrated backup	cleanup-staging/2026-05-23/files/Outputs/cleanup-staging/2026-05-18/bundle/memory/migration-backups/20260516-daily-note-normalization/2026-05-14-1528.md
Outputs/cleanup-staging/2026-05-18/bundle/memory/migration-backups/20260516-daily-note-normalization/2026-05-14-1751.md	1778795489	11713	stale migrated backup	cleanup-staging/2026-05-23/files/Outputs/cleanup-staging/2026-05-18/bundle/memory/migration-backups/20260516-daily-note-normalization/2026-05-14-1751.md
Outputs/cleanup-staging/2026-05-18/bundle/memory/migration-backups/20260516-daily-note-normalization/2026-05-14-1957.md	1778803076	3944	stale migrated backup	cleanup-staging/2026-05-23/files/Outputs/cleanup-staging/2026-05-18/bundle/memory/migration-backups/20260516-daily-note-normalization/2026-05-14-1957.md
Outputs/cleanup-staging/2026-05-18/bundle/memory/migration-backups/20260516-daily-note-normalization/2026-05-15-0107.md	1778821633	2876	stale migrated backup	cleanup-staging/2026-05-23/files/Outputs/cleanup-staging/2026-05-18/bundle/memory/migration-backups/20260516-daily-note-normalization/2026-05-15-0107.md
Outputs/cron-health-sweep-2026-05-19.md	1779210031	967	stale report	cleanup-staging/2026-05-23/files/Outputs/cron-health-sweep-2026-05-19.md
Outputs/moltbook/.code1	1778943699	3	stale report	cleanup-staging/2026-05-23/files/Outputs/moltbook/.code1
Outputs/moltbook/.code2	1778943699	3	stale report	cleanup-staging/2026-05-23/files/Outputs/moltbook/.code2
Outputs/moltbook/.code3	1778943699	3	stale report	cleanup-staging/2026-05-23/files/Outputs/moltbook/.code3
Outputs/moltbook/2026-05-16-103218-edt-codi-moltbook-reply-watcher.md	1778941939	2068	stale watcher artifact	cleanup-staging/2026-05-23/files/Outputs/moltbook/2026-05-16-103218-edt-codi-moltbook-reply-watcher.md
Outputs/moltbook/2026-05-16-110138-edt-codi-moltbook-reply-watcher.md	1778943721	2208	stale watcher artifact	cleanup-staging/2026-05-23/files/Outputs/moltbook/2026-05-16-110138-edt-codi-moltbook-reply-watcher.md
Outputs/moltbook/2026-05-16-110138-edt-dm-requests.json	1778943699	2212	stale report	cleanup-staging/2026-05-23/files/Outputs/moltbook/2026-05-16-110138-edt-dm-requests.json
Outputs/moltbook/2026-05-16-110138-edt-home.json	1778943699	2294	stale report	cleanup-staging/2026-05-23/files/Outputs/moltbook/2026-05-16-110138-edt-home.json
Outputs/moltbook/2026-05-16-110138-edt-notifications.json	1778943699	867	stale report	cleanup-staging/2026-05-23/files/Outputs/moltbook/2026-05-16-110138-edt-notifications.json
Outputs/moltbook/2026-05-16-110138-edt-watcher-status.txt	1778943699	41	stale watcher artifact	cleanup-staging/2026-05-23/files/Outputs/moltbook/2026-05-16-110138-edt-watcher-status.txt
Outputs/moltbook/2026-05-16-123148-edt-codi-moltbook-reply-watcher.md	1778949108	2018	stale watcher artifact	cleanup-staging/2026-05-23/files/Outputs/moltbook/2026-05-16-123148-edt-codi-moltbook-reply-watcher.md
Outputs/moltbook/2026-05-16-130113-edt-dm-requests.json	1778950874	2212	stale report	cleanup-staging/2026-05-23/files/Outputs/moltbook/2026-05-16-130113-edt-dm-requests.json
Outputs/moltbook/2026-05-16-130113-edt-home.json	1778950874	2294	stale report	cleanup-staging/2026-05-23/files/Outputs/moltbook/2026-05-16-130113-edt-home.json
Outputs/moltbook/2026-05-16-130113-edt-notifications.json	1778950874	871	stale report	cleanup-staging/2026-05-23/files/Outputs/moltbook/2026-05-16-130113-edt-notifications.json
Outputs/moltbook/2026-05-16-130113-edt-watcher-status.txt	1778950874	75	stale watcher artifact	cleanup-staging/2026-05-23/files/Outputs/moltbook/2026-05-16-130113-edt-watcher-status.txt
Outputs/moltbook/2026-05-16-163053-agents-dm-requests.headers.txt	1778963454	0	stale report	cleanup-staging/2026-05-23/files/Outputs/moltbook/2026-05-16-163053-agents-dm-requests.headers.txt
Outputs/moltbook/2026-05-16-163053-home.headers.txt	1778963454	0	stale report	cleanup-staging/2026-05-23/files/Outputs/moltbook/2026-05-16-163053-home.headers.txt
Outputs/moltbook/2026-05-16-163053-notifications.headers.txt	1778963454	0	stale report	cleanup-staging/2026-05-23/files/Outputs/moltbook/2026-05-16-163053-notifications.headers.txt
Outputs/moltbook/2026-05-16-170126-edt-codi-moltbook-reply-watcher.md	1778965287	897	stale watcher artifact	cleanup-staging/2026-05-23/files/Outputs/moltbook/2026-05-16-170126-edt-codi-moltbook-reply-watcher.md
Outputs/moltbook/2026-05-16-170126-edt-watcher-status.txt	1778965287	321	stale watcher artifact	cleanup-staging/2026-05-23/files/Outputs/moltbook/2026-05-16-170126-edt-watcher-status.txt
Outputs/moltbook/2026-05-16-180214-edt-codi-moltbook-reply-watcher.md	1778968935	869	stale watcher artifact	cleanup-staging/2026-05-23/files/Outputs/moltbook/2026-05-16-180214-edt-codi-moltbook-reply-watcher.md
Outputs/moltbook/2026-05-16-183052-edt-codi-moltbook-reply-watcher.md	1778970685	1792	stale watcher artifact	cleanup-staging/2026-05-23/files/Outputs/moltbook/2026-05-16-183052-edt-codi-moltbook-reply-watcher.md
Outputs/moltbook/2026-05-16-183052-edt-status.txt	1778970653	50	stale report	cleanup-staging/2026-05-23/files/Outputs/moltbook/2026-05-16-183052-edt-status.txt
Outputs/moltbook/2026-05-16-190134-edt-codi-moltbook-reply-watcher.md	1778972561	1693	stale watcher artifact	cleanup-staging/2026-05-23/files/Outputs/moltbook/2026-05-16-190134-edt-codi-moltbook-reply-watcher.md
Outputs/moltbook/2026-05-16-190134-edt-dm-requests.headers.txt	1778972505	497	stale report	cleanup-staging/2026-05-23/files/Outputs/moltbook/2026-05-16-190134-edt-dm-requests.headers.txt
Outputs/moltbook/2026-05-16-190134-edt-dm-requests.json	1778972505	2212	stale report	cleanup-staging/2026-05-23/files/Outputs/moltbook/2026-05-16-190134-edt-dm-requests.json
Outputs/moltbook/2026-05-16-190134-edt-home.headers.txt	1778972504	497	stale report	cleanup-staging/2026-05-23/files/Outputs/moltbook/2026-05-16-190134-edt-home.headers.txt
Outputs/moltbook/2026-05-16-190134-edt-home.json	1778972504	2294	stale report	cleanup-staging/2026-05-23/files/Outputs/moltbook/2026-05-16-190134-edt-home.json
Outputs/moltbook/2026-05-16-190134-edt-notifications.headers.txt	1778972505	496	stale report	cleanup-staging/2026-05-23/files/Outputs/moltbook/2026-05-16-190134-edt-notifications.headers.txt
Outputs/moltbook/2026-05-16-190134-edt-notifications.json	1778972505	853	stale report	cleanup-staging/2026-05-23/files/Outputs/moltbook/2026-05-16-190134-edt-notifications.json
Outputs/moltbook/2026-05-16-2031-edt-agents-dm-requests.headers.txt	1778977939	497	stale report	cleanup-staging/2026-05-23/files/Outputs/moltbook/2026-05-16-2031-edt-agents-dm-requests.headers.txt
Outputs/moltbook/2026-05-16-2031-edt-agents-dm-requests.json	1778977939	2212	stale report	cleanup-staging/2026-05-23/files/Outputs/moltbook/2026-05-16-2031-edt-agents-dm-requests.json
Outputs/moltbook/2026-05-16-2031-edt-block-opencodeai01-response.headers.txt	1778977969	495	stale report	cleanup-staging/2026-05-23/files/Outputs/moltbook/2026-05-16-2031-edt-block-opencodeai01-response.headers.txt
Outputs/moltbook/2026-05-16-2031-edt-block-opencodeai01-response.json	1778977969	125	stale report	cleanup-staging/2026-05-23/files/Outputs/moltbook/2026-05-16-2031-edt-block-opencodeai01-response.json
Outputs/moltbook/2026-05-16-2031-edt-home.headers.txt	1778977939	497	stale report	cleanup-staging/2026-05-23/files/Outputs/moltbook/2026-05-16-2031-edt-home.headers.txt
Outputs/moltbook/2026-05-16-2031-edt-home.json	1778977939	2294	stale report	cleanup-staging/2026-05-23/files/Outputs/moltbook/2026-05-16-2031-edt-home.json
Outputs/moltbook/2026-05-16-2031-edt-notifications.headers.txt	1778977939	496	stale report	cleanup-staging/2026-05-23/files/Outputs/moltbook/2026-05-16-2031-edt-notifications.headers.txt
Outputs/moltbook/2026-05-16-2031-edt-notifications.json	1778977939	872	stale report	cleanup-staging/2026-05-23/files/Outputs/moltbook/2026-05-16-2031-edt-notifications.json
Outputs/moltbook/2026-05-16-2031-postwrite-agents-dm-requests.headers.txt	1778977969	497	stale report	cleanup-staging/2026-05-23/files/Outputs/moltbook/2026-05-16-2031-postwrite-agents-dm-requests.headers.txt
Outputs/moltbook/2026-05-16-2031-postwrite-agents-dm-requests.json	1778977969	2212	stale report	cleanup-staging/2026-05-23/files/Outputs/moltbook/2026-05-16-2031-postwrite-agents-dm-requests.json
Outputs/moltbook/2026-05-16-2031-postwrite-notifications.headers.txt	1778977969	496	stale report	cleanup-staging/2026-05-23/files/Outputs/moltbook/2026-05-16-2031-postwrite-notifications.headers.txt
Outputs/moltbook/2026-05-16-2031-postwrite-notifications.json	1778977969	853	stale report	cleanup-staging/2026-05-23/files/Outputs/moltbook/2026-05-16-2031-postwrite-notifications.json
Outputs/moltbook/2026-05-16-2041-edt-agents-dm-requests.headers.txt	1778978530	497	stale report	cleanup-staging/2026-05-23/files/Outputs/moltbook/2026-05-16-2041-edt-agents-dm-requests.headers.txt
Outputs/moltbook/2026-05-16-2041-edt-agents-dm-requests.json	1778978530	1468	stale report	cleanup-staging/2026-05-23/files/Outputs/moltbook/2026-05-16-2041-edt-agents-dm-requests.json
Outputs/moltbook/2026-05-16-2041-edt-codi-moltbook-reply-watcher.md	1778978573	1722	stale watcher artifact	cleanup-staging/2026-05-23/files/Outputs/moltbook/2026-05-16-2041-edt-codi-moltbook-reply-watcher.md
Outputs/moltbook/2026-05-16-2041-edt-home.headers.txt	1778978529	497	stale report	cleanup-staging/2026-05-23/files/Outputs/moltbook/2026-05-16-2041-edt-home.headers.txt
Outputs/moltbook/2026-05-16-2041-edt-home.json	1778978529	2294	stale report	cleanup-staging/2026-05-23/files/Outputs/moltbook/2026-05-16-2041-edt-home.json
Outputs/moltbook/2026-05-16-2041-edt-notifications.headers.txt	1778978530	496	stale report	cleanup-staging/2026-05-23/files/Outputs/moltbook/2026-05-16-2041-edt-notifications.headers.txt
Outputs/moltbook/2026-05-16-2041-edt-notifications.json	1778978530	872	stale report	cleanup-staging/2026-05-23/files/Outputs/moltbook/2026-05-16-2041-edt-notifications.json
Outputs/moltbook/2026-05-16-2103-edt-agents-dm-requests.headers.txt	1778979781	496	stale report	cleanup-staging/2026-05-23/files/Outputs/moltbook/2026-05-16-2103-edt-agents-dm-requests.headers.txt
Outputs/moltbook/2026-05-16-2103-edt-agents-dm-requests.json	1778979781	1468	stale report	cleanup-staging/2026-05-23/files/Outputs/moltbook/2026-05-16-2103-edt-agents-dm-requests.json
Outputs/moltbook/2026-05-16-2103-edt-codi-moltbook-reply-watcher.md	1778979793	1680	stale watcher artifact	cleanup-staging/2026-05-23/files/Outputs/moltbook/2026-05-16-2103-edt-codi-moltbook-reply-watcher.md
Outputs/moltbook/2026-05-16-2103-edt-home.headers.txt	1778979781	496	stale report	cleanup-staging/2026-05-23/files/Outputs/moltbook/2026-05-16-2103-edt-home.headers.txt
Outputs/moltbook/2026-05-16-2103-edt-home.json	1778979781	2294	stale report	cleanup-staging/2026-05-23/files/Outputs/moltbook/2026-05-16-2103-edt-home.json
Outputs/moltbook/2026-05-16-2103-edt-notifications.headers.txt	1778979781	495	stale report	cleanup-staging/2026-05-23/files/Outputs/moltbook/2026-05-16-2103-edt-notifications.headers.txt
Outputs/moltbook/2026-05-16-2103-edt-notifications.json	1778979781	867	stale report	cleanup-staging/2026-05-23/files/Outputs/moltbook/2026-05-16-2103-edt-notifications.json
Outputs/moltbook/2026-05-16-2130-edt-codi-moltbook-reply-watcher.md	1778981498	1907	stale watcher artifact	cleanup-staging/2026-05-23/files/Outputs/moltbook/2026-05-16-2130-edt-codi-moltbook-reply-watcher.md
Outputs/moltbook/2026-05-16-213103-agents-dm-requests.headers.txt	1778981464	497	stale report	cleanup-staging/2026-05-23/files/Outputs/moltbook/2026-05-16-213103-agents-dm-requests.headers.txt
Outputs/moltbook/2026-05-16-213103-agents-dm-requests.json	1778981464	1468	stale report	cleanup-staging/2026-05-23/files/Outputs/moltbook/2026-05-16-213103-agents-dm-requests.json
Outputs/moltbook/2026-05-16-213103-home.headers.txt	1778981464	497	stale report	cleanup-staging/2026-05-23/files/Outputs/moltbook/2026-05-16-213103-home.headers.txt
Outputs/moltbook/2026-05-16-213103-home.json	1778981464	2294	stale report	cleanup-staging/2026-05-23/files/Outputs/moltbook/2026-05-16-213103-home.json
Outputs/moltbook/2026-05-16-213103-notifications.headers.txt	1778981464	496	stale report	cleanup-staging/2026-05-23/files/Outputs/moltbook/2026-05-16-213103-notifications.headers.txt
Outputs/moltbook/2026-05-16-213103-notifications.json	1778981464	853	stale report	cleanup-staging/2026-05-23/files/Outputs/moltbook/2026-05-16-213103-notifications.json
Outputs/moltbook/2026-05-16-2143-edt-codi-moltbook-reply-watcher.md	1778982227	1534	stale watcher artifact	cleanup-staging/2026-05-23/files/Outputs/moltbook/2026-05-16-2143-edt-codi-moltbook-reply-watcher.md
Outputs/moltbook/2026-05-16-2200-edt-codi-moltbook-reply-watcher.md	1778983321	788	stale watcher artifact	cleanup-staging/2026-05-23/files/Outputs/moltbook/2026-05-16-2200-edt-codi-moltbook-reply-watcher.md
Outputs/moltbook/2026-05-16-222555-edt-agents-dm-requests.headers.txt	1778984757	488	stale report	cleanup-staging/2026-05-23/files/Outputs/moltbook/2026-05-16-222555-edt-agents-dm-requests.headers.txt
Outputs/moltbook/2026-05-16-222555-edt-agents-dm-requests.json	1778984757	1468	stale report	cleanup-staging/2026-05-23/files/Outputs/moltbook/2026-05-16-222555-edt-agents-dm-requests.json
Outputs/moltbook/2026-05-16-222555-edt-codi-moltbook-reply-watcher.md	1778984796	2144	stale watcher artifact	cleanup-staging/2026-05-23/files/Outputs/moltbook/2026-05-16-222555-edt-codi-moltbook-reply-watcher.md
Outputs/moltbook/2026-05-16-222555-edt-home.headers.txt	1778984757	488	stale report	cleanup-staging/2026-05-23/files/Outputs/moltbook/2026-05-16-222555-edt-home.headers.txt
Outputs/moltbook/2026-05-16-222555-edt-home.json	1778984757	2294	stale report	cleanup-staging/2026-05-23/files/Outputs/moltbook/2026-05-16-222555-edt-home.json
Outputs/moltbook/2026-05-16-222555-edt-notifications.headers.txt	1778984757	487	stale report	cleanup-staging/2026-05-23/files/Outputs/moltbook/2026-05-16-222555-edt-notifications.headers.txt
Outputs/moltbook/2026-05-16-222555-edt-notifications.json	1778984757	857	stale report	cleanup-staging/2026-05-23/files/Outputs/moltbook/2026-05-16-222555-edt-notifications.json
Outputs/moltbook/2026-05-16-222555-edt-summary.json	1778984757	521	stale report	cleanup-staging/2026-05-23/files/Outputs/moltbook/2026-05-16-222555-edt-summary.json
Outputs/moltbook/2026-05-16-222935-edt-codi-moltbook-reply-watcher.md	1778985005	1936	stale watcher artifact	cleanup-staging/2026-05-23/files/Outputs/moltbook/2026-05-16-222935-edt-codi-moltbook-reply-watcher.md
Outputs/moltbook/2026-05-16-222935-edt-dm_requests.json	1778984976	1468	stale report	cleanup-staging/2026-05-23/files/Outputs/moltbook/2026-05-16-222935-edt-dm_requests.json
Outputs/moltbook/2026-05-16-222935-edt-home.json	1778984976	2294	stale report	cleanup-staging/2026-05-23/files/Outputs/moltbook/2026-05-16-222935-edt-home.json
Outputs/moltbook/2026-05-16-222935-edt-notifications.json	1778984976	857	stale report	cleanup-staging/2026-05-23/files/Outputs/moltbook/2026-05-16-222935-edt-notifications.json
Outputs/moltbook/2026-05-16-222935-edt-watcher-status.txt	1778984976	1853	stale watcher artifact	cleanup-staging/2026-05-23/files/Outputs/moltbook/2026-05-16-222935-edt-watcher-status.txt
Outputs/moltbook/2026-05-16-230221-edt-agents-dm-requests.headers.txt	1778986942	497	stale report	cleanup-staging/2026-05-23/files/Outputs/moltbook/2026-05-16-230221-edt-agents-dm-requests.headers.txt
Outputs/moltbook/2026-05-16-230221-edt-agents-dm-requests.json	1778986942	1468	stale report	cleanup-staging/2026-05-23/files/Outputs/moltbook/2026-05-16-230221-edt-agents-dm-requests.json
Outputs/moltbook/2026-05-16-230221-edt-codi-moltbook-reply-watcher.md	1778986976	1153	stale watcher artifact	cleanup-staging/2026-05-23/files/Outputs/moltbook/2026-05-16-230221-edt-codi-moltbook-reply-watcher.md
Outputs/moltbook/2026-05-16-230221-edt-home.headers.txt	1778986942	497	stale report	cleanup-staging/2026-05-23/files/Outputs/moltbook/2026-05-16-230221-edt-home.headers.txt
Outputs/moltbook/2026-05-16-230221-edt-home.json	1778986942	2294	stale report	cleanup-staging/2026-05-23/files/Outputs/moltbook/2026-05-16-230221-edt-home.json
Outputs/moltbook/2026-05-16-230221-edt-notifications.headers.txt	1778986942	496	stale report	cleanup-staging/2026-05-23/files/Outputs/moltbook/2026-05-16-230221-edt-notifications.headers.txt
Outputs/moltbook/2026-05-16-230221-edt-notifications.json	1778986942	853	stale report	cleanup-staging/2026-05-23/files/Outputs/moltbook/2026-05-16-230221-edt-notifications.json
Outputs/moltbook/2026-05-16-230221-edt-summary.json	1778986976	1684	stale report	cleanup-staging/2026-05-23/files/Outputs/moltbook/2026-05-16-230221-edt-summary.json
Outputs/moltbook/2026-05-16-233114-edt-codi-moltbook-reply-watcher.md	1778988697	1911	stale watcher artifact	cleanup-staging/2026-05-23/files/Outputs/moltbook/2026-05-16-233114-edt-codi-moltbook-reply-watcher.md
Outputs/moltbook/2026-05-16-233114-edt-dm_requests.headers.txt	1778988675	497	stale report	cleanup-staging/2026-05-23/files/Outputs/moltbook/2026-05-16-233114-edt-dm_requests.headers.txt
Outputs/moltbook/2026-05-16-233114-edt-dm_requests.json	1778988675	1468	stale report	cleanup-staging/2026-05-23/files/Outputs/moltbook/2026-05-16-233114-edt-dm_requests.json
Outputs/moltbook/2026-05-16-233114-edt-home.headers.txt	1778988675	497	stale report	cleanup-staging/2026-05-23/files/Outputs/moltbook/2026-05-16-233114-edt-home.headers.txt
Outputs/moltbook/2026-05-16-233114-edt-home.json	1778988675	2294	stale report	cleanup-staging/2026-05-23/files/Outputs/moltbook/2026-05-16-233114-edt-home.json
Outputs/moltbook/2026-05-16-233114-edt-notifications.headers.txt	1778988675	496	stale report	cleanup-staging/2026-05-23/files/Outputs/moltbook/2026-05-16-233114-edt-notifications.headers.txt
Outputs/moltbook/2026-05-16-233114-edt-notifications.json	1778988675	853	stale report	cleanup-staging/2026-05-23/files/Outputs/moltbook/2026-05-16-233114-edt-notifications.json
Outputs/moltbook/2026-05-16-codi-moltbook-curiosity-pulse.md	1778978844	2851	stale report	cleanup-staging/2026-05-23/files/Outputs/moltbook/2026-05-16-codi-moltbook-curiosity-pulse.md
Outputs/moltbook/2026-05-16-codi-moltbook-daily-report.md	1778985149	2413	stale report	cleanup-staging/2026-05-23/files/Outputs/moltbook/2026-05-16-codi-moltbook-daily-report.md
Outputs/moltbook/2026-05-16-codi-moltbook-daily-review.md	1778984645	4078	stale report	cleanup-staging/2026-05-23/files/Outputs/moltbook/2026-05-16-codi-moltbook-daily-review.md
Outputs/moltbook/2026-05-16-codi-moltbook-reply-watcher-0930-edt.md	1778938323	2026	stale watcher artifact	cleanup-staging/2026-05-23/files/Outputs/moltbook/2026-05-16-codi-moltbook-reply-watcher-0930-edt.md
Outputs/moltbook/2026-05-16-codi-moltbook-reply-watcher-1201-edt.md	1778947320	1355	stale watcher artifact	cleanup-staging/2026-05-23/files/Outputs/moltbook/2026-05-16-codi-moltbook-reply-watcher-1201-edt.md
Outputs/moltbook/2026-05-16-codi-moltbook-reply-watcher-1400-edt.md	1778954489	1844	stale watcher artifact	cleanup-staging/2026-05-23/files/Outputs/moltbook/2026-05-16-codi-moltbook-reply-watcher-1400-edt.md
Outputs/moltbook/2026-05-16-codi-moltbook-reply-watcher-1431-edt.md	1778956275	711	stale watcher artifact	cleanup-staging/2026-05-23/files/Outputs/moltbook/2026-05-16-codi-moltbook-reply-watcher-1431-edt.md
Outputs/moltbook/2026-05-16-codi-moltbook-reply-watcher-1530-edt.md	1778959903	1361	stale watcher artifact	cleanup-staging/2026-05-23/files/Outputs/moltbook/2026-05-16-codi-moltbook-reply-watcher-1530-edt.md
Outputs/moltbook/2026-05-16-codi-moltbook-reply-watcher-1930-edt.md	1778974316	1687	stale watcher artifact	cleanup-staging/2026-05-23/files/Outputs/moltbook/2026-05-16-codi-moltbook-reply-watcher-1930-edt.md
Outputs/moltbook/2026-05-16-codi-moltbook-reply-watcher.md	1778927509	1489	stale watcher artifact	cleanup-staging/2026-05-23/files/Outputs/moltbook/2026-05-16-codi-moltbook-reply-watcher.md
Outputs/moltbook/2026-05-16-codi-reply-watcher-0400EDT.json	1778918510	1110	stale watcher artifact	cleanup-staging/2026-05-23/files/Outputs/moltbook/2026-05-16-codi-reply-watcher-0400EDT.json
Outputs/moltbook/2026-05-16-moltbook-curiosity-pulse.md	1778982098	1815	stale report	cleanup-staging/2026-05-23/files/Outputs/moltbook/2026-05-16-moltbook-curiosity-pulse.md
Outputs/moltbook/2026-05-16-thread-reply-watcher-report.json	1778915040	1797	stale watcher artifact	cleanup-staging/2026-05-23/files/Outputs/moltbook/2026-05-16-thread-reply-watcher-report.json
Outputs/moltbook/2026-05-16_083108_codi_moltbook_reply_watcher.md	1778934670	542	stale watcher artifact	cleanup-staging/2026-05-23/files/Outputs/moltbook/2026-05-16_083108_codi_moltbook_reply_watcher.md
Outputs/moltbook/2026-05-16_083108_dm_requests.json	1778934670	2212	stale report	cleanup-staging/2026-05-23/files/Outputs/moltbook/2026-05-16_083108_dm_requests.json
Outputs/moltbook/2026-05-16_083108_home.json	1778934669	2294	stale report	cleanup-staging/2026-05-23/files/Outputs/moltbook/2026-05-16_083108_home.json
Outputs/moltbook/2026-05-16_083108_notifications.json	1778934670	872	stale report	cleanup-staging/2026-05-23/files/Outputs/moltbook/2026-05-16_083108_notifications.json
Outputs/moltbook/2026-05-16_2000_codi_moltbook_reply_watcher.md	1778976077	1646	stale watcher artifact	cleanup-staging/2026-05-23/files/Outputs/moltbook/2026-05-16_2000_codi_moltbook_reply_watcher.md
Outputs/moltbook/2026-05-17-000416-edt-agents-dm-requests.json	1778990658	1468	stale report	cleanup-staging/2026-05-23/files/Outputs/moltbook/2026-05-17-000416-edt-agents-dm-requests.json
Outputs/moltbook/2026-05-17-000416-edt-codi-moltbook-reply-watcher.md	1778990674	1705	stale watcher artifact	cleanup-staging/2026-05-23/files/Outputs/moltbook/2026-05-17-000416-edt-codi-moltbook-reply-watcher.md
Outputs/moltbook/2026-05-17-000416-edt-home.json	1778990658	2294	stale report	cleanup-staging/2026-05-23/files/Outputs/moltbook/2026-05-17-000416-edt-home.json
Outputs/moltbook/2026-05-17-000416-edt-notifications.json	1778990658	871	stale report	cleanup-staging/2026-05-23/files/Outputs/moltbook/2026-05-17-000416-edt-notifications.json
Outputs/moltbook/2026-05-17-000416-edt-summary.json	1778990658	6941	stale report	cleanup-staging/2026-05-23/files/Outputs/moltbook/2026-05-17-000416-edt-summary.json
Outputs/moltbook/2026-05-17-003000-edt-codi-moltbook-reply-watcher.md	1778992297	1775	stale watcher artifact	cleanup-staging/2026-05-23/files/Outputs/moltbook/2026-05-17-003000-edt-codi-moltbook-reply-watcher.md
Outputs/moltbook/2026-05-17-010000-edt-agents-dm-requests.headers.txt	1778994059	480	stale report	cleanup-staging/2026-05-23/files/Outputs/moltbook/2026-05-17-010000-edt-agents-dm-requests.headers.txt
Outputs/moltbook/2026-05-17-010000-edt-agents-dm-requests.json	1778994059	1468	stale report	cleanup-staging/2026-05-23/files/Outputs/moltbook/2026-05-17-010000-edt-agents-dm-requests.json
Outputs/moltbook/2026-05-17-010000-edt-codi-moltbook-reply-watcher.md	1778994098	2260	stale watcher artifact	cleanup-staging/2026-05-23/files/Outputs/moltbook/2026-05-17-010000-edt-codi-moltbook-reply-watcher.md
Outputs/moltbook/2026-05-17-010000-edt-home.headers.txt	1778994059	480	stale report	cleanup-staging/2026-05-23/files/Outputs/moltbook/2026-05-17-010000-edt-home.headers.txt
Outputs/moltbook/2026-05-17-010000-edt-home.json	1778994059	2294	stale report	cleanup-staging/2026-05-23/files/Outputs/moltbook/2026-05-17-010000-edt-home.json
Outputs/moltbook/2026-05-17-010000-edt-notifications.headers.txt	1778994059	479	stale report	cleanup-staging/2026-05-23/files/Outputs/moltbook/2026-05-17-010000-edt-notifications.headers.txt
Outputs/moltbook/2026-05-17-010000-edt-notifications.json	1778994059	871	stale report	cleanup-staging/2026-05-23/files/Outputs/moltbook/2026-05-17-010000-edt-notifications.json
Outputs/moltbook/2026-05-17-0131-edt-agents-dm-requests.headers.txt	1778995934	499	stale report	cleanup-staging/2026-05-23/files/Outputs/moltbook/2026-05-17-0131-edt-agents-dm-requests.headers.txt
Outputs/moltbook/2026-05-17-0131-edt-agents-dm-requests.json	1778995934	1468	stale report	cleanup-staging/2026-05-23/files/Outputs/moltbook/2026-05-17-0131-edt-agents-dm-requests.json
Outputs/moltbook/2026-05-17-0131-edt-codi-moltbook-reply-watcher.md	1778995973	2572	stale watcher artifact	cleanup-staging/2026-05-23/files/Outputs/moltbook/2026-05-17-0131-edt-codi-moltbook-reply-watcher.md
Outputs/moltbook/2026-05-17-0131-edt-home.headers.txt	1778995929	420	stale report	cleanup-staging/2026-05-23/files/Outputs/moltbook/2026-05-17-0131-edt-home.headers.txt
Outputs/moltbook/2026-05-17-0131-edt-home.json	1778995929	129	stale report	cleanup-staging/2026-05-23/files/Outputs/moltbook/2026-05-17-0131-edt-home.json
Outputs/moltbook/2026-05-17-0131-edt-notifications.headers.txt	1778995934	498	stale report	cleanup-staging/2026-05-23/files/Outputs/moltbook/2026-05-17-0131-edt-notifications.headers.txt
Outputs/moltbook/2026-05-17-0131-edt-notifications.json	1778995934	871	stale report	cleanup-staging/2026-05-23/files/Outputs/moltbook/2026-05-17-0131-edt-notifications.json
Outputs/moltbook/2026-05-17-020142-edt-agents-dm-requests.headers.txt	1778997703	499	stale report	cleanup-staging/2026-05-23/files/Outputs/moltbook/2026-05-17-020142-edt-agents-dm-requests.headers.txt
Outputs/moltbook/2026-05-17-020142-edt-agents-dm-requests.json	1778997703	1468	stale report	cleanup-staging/2026-05-23/files/Outputs/moltbook/2026-05-17-020142-edt-agents-dm-requests.json
Outputs/moltbook/2026-05-17-020142-edt-codi-moltbook-reply-watcher.md	1778997703	1372	stale watcher artifact	cleanup-staging/2026-05-23/files/Outputs/moltbook/2026-05-17-020142-edt-codi-moltbook-reply-watcher.md
Outputs/moltbook/2026-05-17-020142-edt-home.headers.txt	1778997702	499	stale report	cleanup-staging/2026-05-23/files/Outputs/moltbook/2026-05-17-020142-edt-home.headers.txt
Outputs/moltbook/2026-05-17-020142-edt-home.json	1778997702	2294	stale report	cleanup-staging/2026-05-23/files/Outputs/moltbook/2026-05-17-020142-edt-home.json
Outputs/moltbook/2026-05-17-020142-edt-notifications.headers.txt	1778997703	498	stale report	cleanup-staging/2026-05-23/files/Outputs/moltbook/2026-05-17-020142-edt-notifications.headers.txt
Outputs/moltbook/2026-05-17-020142-edt-notifications.json	1778997703	857	stale report	cleanup-staging/2026-05-23/files/Outputs/moltbook/2026-05-17-020142-edt-notifications.json
Outputs/moltbook/2026-05-17-020142-edt-summary.json	1778997703	256	stale report	cleanup-staging/2026-05-23/files/Outputs/moltbook/2026-05-17-020142-edt-summary.json
Outputs/moltbook/2026-05-17-0230-edt-agents-dm-requests.headers.txt	1778999513	497	stale report	cleanup-staging/2026-05-23/files/Outputs/moltbook/2026-05-17-0230-edt-agents-dm-requests.headers.txt
Outputs/moltbook/2026-05-17-0230-edt-agents-dm-requests.json	1778999513	1468	stale report	cleanup-staging/2026-05-23/files/Outputs/moltbook/2026-05-17-0230-edt-agents-dm-requests.json
Outputs/moltbook/2026-05-17-0230-edt-codi-moltbook-reply-watcher.md	1778999537	2035	stale watcher artifact	cleanup-staging/2026-05-23/files/Outputs/moltbook/2026-05-17-0230-edt-codi-moltbook-reply-watcher.md
Outputs/moltbook/2026-05-17-0230-edt-home.headers.txt	1778999512	497	stale report	cleanup-staging/2026-05-23/files/Outputs/moltbook/2026-05-17-0230-edt-home.headers.txt
Outputs/moltbook/2026-05-17-0230-edt-home.json	1778999513	2294	stale report	cleanup-staging/2026-05-23/files/Outputs/moltbook/2026-05-17-0230-edt-home.json
Outputs/moltbook/2026-05-17-0230-edt-notifications.headers.txt	1778999513	496	stale report	cleanup-staging/2026-05-23/files/Outputs/moltbook/2026-05-17-0230-edt-notifications.headers.txt
Outputs/moltbook/2026-05-17-0230-edt-notifications.json	1778999513	853	stale report	cleanup-staging/2026-05-23/files/Outputs/moltbook/2026-05-17-0230-edt-notifications.json
Outputs/moltbook/2026-05-17-0301-edt-agents-dm-requests.headers.txt	1779001354	415	stale report	cleanup-staging/2026-05-23/files/Outputs/moltbook/2026-05-17-0301-edt-agents-dm-requests.headers.txt
Outputs/moltbook/2026-05-17-0301-edt-agents-dm-requests.json	1779001354	143	stale report	cleanup-staging/2026-05-23/files/Outputs/moltbook/2026-05-17-0301-edt-agents-dm-requests.json
Outputs/moltbook/2026-05-17-0301-edt-codi-moltbook-reply-watcher.md	1779001402	1693	stale watcher artifact	cleanup-staging/2026-05-23/files/Outputs/moltbook/2026-05-17-0301-edt-codi-moltbook-reply-watcher.md
Outputs/moltbook/2026-05-17-0301-edt-home.headers.txt	1779001343	415	stale report	cleanup-staging/2026-05-23/files/Outputs/moltbook/2026-05-17-0301-edt-home.headers.txt
Outputs/moltbook/2026-05-17-0301-edt-home.json	1779001343	129	stale report	cleanup-staging/2026-05-23/files/Outputs/moltbook/2026-05-17-0301-edt-home.json
Outputs/moltbook/2026-05-17-0301-edt-notifications.headers.txt	1779001364	415	stale report	cleanup-staging/2026-05-23/files/Outputs/moltbook/2026-05-17-0301-edt-notifications.headers.txt
Outputs/moltbook/2026-05-17-0301-edt-notifications.json	1779001364	138	stale report	cleanup-staging/2026-05-23/files/Outputs/moltbook/2026-05-17-0301-edt-notifications.json
Outputs/moltbook/2026-05-17-033044-edt-agents-dm-requests.headers.txt	1779003045	497	stale report	cleanup-staging/2026-05-23/files/Outputs/moltbook/2026-05-17-033044-edt-agents-dm-requests.headers.txt
Outputs/moltbook/2026-05-17-033044-edt-agents-dm-requests.json	1779003045	1468	stale report	cleanup-staging/2026-05-23/files/Outputs/moltbook/2026-05-17-033044-edt-agents-dm-requests.json
Outputs/moltbook/2026-05-17-033044-edt-codi-moltbook-reply-watcher.md	1779003087	1780	stale watcher artifact	cleanup-staging/2026-05-23/files/Outputs/moltbook/2026-05-17-033044-edt-codi-moltbook-reply-watcher.md
Outputs/moltbook/2026-05-17-033044-edt-home.headers.txt	1779003045	497	stale report	cleanup-staging/2026-05-23/files/Outputs/moltbook/2026-05-17-033044-edt-home.headers.txt
Outputs/moltbook/2026-05-17-033044-edt-home.json	1779003045	2294	stale report	cleanup-staging/2026-05-23/files/Outputs/moltbook/2026-05-17-033044-edt-home.json
Outputs/moltbook/2026-05-17-033044-edt-notifications.headers.txt	1779003046	496	stale report	cleanup-staging/2026-05-23/files/Outputs/moltbook/2026-05-17-033044-edt-notifications.headers.txt
Outputs/moltbook/2026-05-17-033044-edt-notifications.json	1779003046	872	stale report	cleanup-staging/2026-05-23/files/Outputs/moltbook/2026-05-17-033044-edt-notifications.json
Outputs/moltbook/2026-05-17-033044-edt-summary.json	1779003046	2392	stale report	cleanup-staging/2026-05-23/files/Outputs/moltbook/2026-05-17-033044-edt-summary.json
Outputs/moltbook/2026-05-17-040000-edt-codi-moltbook-reply-watcher.md	1779004934	1778	stale watcher artifact	cleanup-staging/2026-05-23/files/Outputs/moltbook/2026-05-17-040000-edt-codi-moltbook-reply-watcher.md
Outputs/moltbook/2026-05-17-043142-edt-agents-dm-requests.headers.txt	1779006703	497	stale report	cleanup-staging/2026-05-23/files/Outputs/moltbook/2026-05-17-043142-edt-agents-dm-requests.headers.txt
Outputs/moltbook/2026-05-17-043142-edt-agents-dm-requests.json	1779006703	1468	stale report	cleanup-staging/2026-05-23/files/Outputs/moltbook/2026-05-17-043142-edt-agents-dm-requests.json
Outputs/moltbook/2026-05-17-043142-edt-codi-moltbook-reply-watcher.md	1779006732	1772	stale watcher artifact	cleanup-staging/2026-05-23/files/Outputs/moltbook/2026-05-17-043142-edt-codi-moltbook-reply-watcher.md
Outputs/moltbook/2026-05-17-043142-edt-home.headers.txt	1779006703	497	stale report	cleanup-staging/2026-05-23/files/Outputs/moltbook/2026-05-17-043142-edt-home.headers.txt
Outputs/moltbook/2026-05-17-043142-edt-home.json	1779006703	2294	stale report	cleanup-staging/2026-05-23/files/Outputs/moltbook/2026-05-17-043142-edt-home.json
Outputs/moltbook/2026-05-17-043142-edt-notifications.headers.txt	1779006703	496	stale report	cleanup-staging/2026-05-23/files/Outputs/moltbook/2026-05-17-043142-edt-notifications.headers.txt
Outputs/moltbook/2026-05-17-043142-edt-notifications.json	1779006703	872	stale report	cleanup-staging/2026-05-23/files/Outputs/moltbook/2026-05-17-043142-edt-notifications.json
Outputs/moltbook/2026-05-17-043142-edt-summary.json	1779006703	1147	stale report	cleanup-staging/2026-05-23/files/Outputs/moltbook/2026-05-17-043142-edt-summary.json
Outputs/moltbook/2026-05-17-050046-edt-agents-dm-requests.headers.txt	1779008447	497	stale report	cleanup-staging/2026-05-23/files/Outputs/moltbook/2026-05-17-050046-edt-agents-dm-requests.headers.txt
Outputs/moltbook/2026-05-17-050046-edt-agents-dm-requests.json	1779008447	1468	stale report	cleanup-staging/2026-05-23/files/Outputs/moltbook/2026-05-17-050046-edt-agents-dm-requests.json
Outputs/moltbook/2026-05-17-050046-edt-codi-moltbook-reply-watcher.md	1779008491	1772	stale watcher artifact	cleanup-staging/2026-05-23/files/Outputs/moltbook/2026-05-17-050046-edt-codi-moltbook-reply-watcher.md
Outputs/moltbook/2026-05-17-050046-edt-home.headers.txt	1779008447	497	stale report	cleanup-staging/2026-05-23/files/Outputs/moltbook/2026-05-17-050046-edt-home.headers.txt
Outputs/moltbook/2026-05-17-050046-edt-home.json	1779008447	2294	stale report	cleanup-staging/2026-05-23/files/Outputs/moltbook/2026-05-17-050046-edt-home.json
Outputs/moltbook/2026-05-17-050046-edt-notifications.headers.txt	1779008447	496	stale report	cleanup-staging/2026-05-23/files/Outputs/moltbook/2026-05-17-050046-edt-notifications.headers.txt
Outputs/moltbook/2026-05-17-050046-edt-notifications.json	1779008447	871	stale report	cleanup-staging/2026-05-23/files/Outputs/moltbook/2026-05-17-050046-edt-notifications.json
Outputs/moltbook/2026-05-17-053232-edt-agents-dm-requests.headers.txt	1779010363	415	stale report	cleanup-staging/2026-05-23/files/Outputs/moltbook/2026-05-17-053232-edt-agents-dm-requests.headers.txt
Outputs/moltbook/2026-05-17-053232-edt-agents-dm-requests.json	1779010363	143	stale report	cleanup-staging/2026-05-23/files/Outputs/moltbook/2026-05-17-053232-edt-agents-dm-requests.json
Outputs/moltbook/2026-05-17-053232-edt-codi-moltbook-reply-watcher.md	1779010428	2267	stale watcher artifact	cleanup-staging/2026-05-23/files/Outputs/moltbook/2026-05-17-053232-edt-codi-moltbook-reply-watcher.md
Outputs/moltbook/2026-05-17-053232-edt-home.headers.txt	1779010352	497	stale report	cleanup-staging/2026-05-23/files/Outputs/moltbook/2026-05-17-053232-edt-home.headers.txt
Outputs/moltbook/2026-05-17-053232-edt-home.json	1779010352	2294	stale report	cleanup-staging/2026-05-23/files/Outputs/moltbook/2026-05-17-053232-edt-home.json
Outputs/moltbook/2026-05-17-053232-edt-notifications.headers.txt	1779010383	496	stale report	cleanup-staging/2026-05-23/files/Outputs/moltbook/2026-05-17-053232-edt-notifications.headers.txt
Outputs/moltbook/2026-05-17-053232-edt-notifications.json	1779010383	138	stale report	cleanup-staging/2026-05-23/files/Outputs/moltbook/2026-05-17-053232-edt-notifications.json
Outputs/moltbook/2026-05-17-053232-edt-summary.json	1779010383	3082	stale report	cleanup-staging/2026-05-23/files/Outputs/moltbook/2026-05-17-053232-edt-summary.json
Outputs/moltbook/2026-05-17-060207-edt-agents-dm-requests.headers.txt	1779012128	499	stale report	cleanup-staging/2026-05-23/files/Outputs/moltbook/2026-05-17-060207-edt-agents-dm-requests.headers.txt
Outputs/moltbook/2026-05-17-060207-edt-agents-dm-requests.json	1779012128	1468	stale report	cleanup-staging/2026-05-23/files/Outputs/moltbook/2026-05-17-060207-edt-agents-dm-requests.json
Outputs/moltbook/2026-05-17-060207-edt-codi-moltbook-reply-watcher.md	1779012176	1929	stale watcher artifact	cleanup-staging/2026-05-23/files/Outputs/moltbook/2026-05-17-060207-edt-codi-moltbook-reply-watcher.md
Outputs/moltbook/2026-05-17-060207-edt-home.headers.txt	1779012128	499	stale report	cleanup-staging/2026-05-23/files/Outputs/moltbook/2026-05-17-060207-edt-home.headers.txt
Outputs/moltbook/2026-05-17-060207-edt-home.json	1779012128	2294	stale report	cleanup-staging/2026-05-23/files/Outputs/moltbook/2026-05-17-060207-edt-home.json
Outputs/moltbook/2026-05-17-060207-edt-notifications.headers.txt	1779012128	498	stale report	cleanup-staging/2026-05-23/files/Outputs/moltbook/2026-05-17-060207-edt-notifications.headers.txt
Outputs/moltbook/2026-05-17-060207-edt-notifications.json	1779012128	867	stale report	cleanup-staging/2026-05-23/files/Outputs/moltbook/2026-05-17-060207-edt-notifications.json
Outputs/moltbook/2026-05-17-063000-edt-agents-dm-requests.headers.txt	1779013877	415	stale report	cleanup-staging/2026-05-23/files/Outputs/moltbook/2026-05-17-063000-edt-agents-dm-requests.headers.txt
Outputs/moltbook/2026-05-17-063000-edt-agents-dm-requests.json	1779013877	143	stale report	cleanup-staging/2026-05-23/files/Outputs/moltbook/2026-05-17-063000-edt-agents-dm-requests.json
Outputs/moltbook/2026-05-17-063000-edt-codi-moltbook-reply-watcher.md	1779013906	1756	stale watcher artifact	cleanup-staging/2026-05-23/files/Outputs/moltbook/2026-05-17-063000-edt-codi-moltbook-reply-watcher.md
Outputs/moltbook/2026-05-17-063000-edt-home.headers.txt	1779013867	415	stale report	cleanup-staging/2026-05-23/files/Outputs/moltbook/2026-05-17-063000-edt-home.headers.txt
Outputs/moltbook/2026-05-17-063000-edt-home.json	1779013867	129	stale report	cleanup-staging/2026-05-23/files/Outputs/moltbook/2026-05-17-063000-edt-home.json
Outputs/moltbook/2026-05-17-063000-edt-notifications.headers.txt	1779013887	415	stale report	cleanup-staging/2026-05-23/files/Outputs/moltbook/2026-05-17-063000-edt-notifications.headers.txt
Outputs/moltbook/2026-05-17-063000-edt-notifications.json	1779013887	138	stale report	cleanup-staging/2026-05-23/files/Outputs/moltbook/2026-05-17-063000-edt-notifications.json
Outputs/moltbook/2026-05-17-070036-edt-agents-dm-requests.headers.txt	1779015657	415	stale report	cleanup-staging/2026-05-23/files/Outputs/moltbook/2026-05-17-070036-edt-agents-dm-requests.headers.txt
Outputs/moltbook/2026-05-17-070036-edt-agents-dm-requests.json	1779015657	143	stale report	cleanup-staging/2026-05-23/files/Outputs/moltbook/2026-05-17-070036-edt-agents-dm-requests.json
Outputs/moltbook/2026-05-17-070036-edt-codi-moltbook-reply-watcher.md	1779015714	1716	stale watcher artifact	cleanup-staging/2026-05-23/files/Outputs/moltbook/2026-05-17-070036-edt-codi-moltbook-reply-watcher.md
Outputs/moltbook/2026-05-17-070036-edt-home.headers.txt	1779015647	415	stale report	cleanup-staging/2026-05-23/files/Outputs/moltbook/2026-05-17-070036-edt-home.headers.txt
Outputs/moltbook/2026-05-17-070036-edt-home.json	1779015647	129	stale report	cleanup-staging/2026-05-23/files/Outputs/moltbook/2026-05-17-070036-edt-home.json
Outputs/moltbook/2026-05-17-070036-edt-notifications.headers.txt	1779015667	415	stale report	cleanup-staging/2026-05-23/files/Outputs/moltbook/2026-05-17-070036-edt-notifications.headers.txt
Outputs/moltbook/2026-05-17-070036-edt-notifications.json	1779015667	138	stale report	cleanup-staging/2026-05-23/files/Outputs/moltbook/2026-05-17-070036-edt-notifications.json
Outputs/moltbook/2026-05-17-073057-edt-agents-dm-requests.headers.txt	1779017458	487	stale report	cleanup-staging/2026-05-23/files/Outputs/moltbook/2026-05-17-073057-edt-agents-dm-requests.headers.txt
Outputs/moltbook/2026-05-17-073057-edt-agents-dm-requests.json	1779017458	1468	stale report	cleanup-staging/2026-05-23/files/Outputs/moltbook/2026-05-17-073057-edt-agents-dm-requests.json
Outputs/moltbook/2026-05-17-073057-edt-codi-moltbook-reply-watcher.md	1779017505	1991	stale watcher artifact	cleanup-staging/2026-05-23/files/Outputs/moltbook/2026-05-17-073057-edt-codi-moltbook-reply-watcher.md
Outputs/moltbook/2026-05-17-073057-edt-home.headers.txt	1779017458	487	stale report	cleanup-staging/2026-05-23/files/Outputs/moltbook/2026-05-17-073057-edt-home.headers.txt
Outputs/moltbook/2026-05-17-073057-edt-home.json	1779017458	2294	stale report	cleanup-staging/2026-05-23/files/Outputs/moltbook/2026-05-17-073057-edt-home.json
Outputs/moltbook/2026-05-17-073057-edt-notifications.headers.txt	1779017458	486	stale report	cleanup-staging/2026-05-23/files/Outputs/moltbook/2026-05-17-073057-edt-notifications.headers.txt
Outputs/moltbook/2026-05-17-073057-edt-notifications.json	1779017458	857	stale report	cleanup-staging/2026-05-23/files/Outputs/moltbook/2026-05-17-073057-edt-notifications.json
Outputs/moltbook/2026-05-17-073057-edt-summary.json	1779017458	8544	stale report	cleanup-staging/2026-05-23/files/Outputs/moltbook/2026-05-17-073057-edt-summary.json
Outputs/moltbook/2026-05-17-080343-edt-agents-dm-requests.headers.txt	1779019424	497	stale report	cleanup-staging/2026-05-23/files/Outputs/moltbook/2026-05-17-080343-edt-agents-dm-requests.headers.txt
Outputs/moltbook/2026-05-17-080343-edt-agents-dm-requests.json	1779019424	1468	stale report	cleanup-staging/2026-05-23/files/Outputs/moltbook/2026-05-17-080343-edt-agents-dm-requests.json
Outputs/moltbook/2026-05-17-080343-edt-codi-moltbook-reply-watcher.md	1779019483	2220	stale watcher artifact	cleanup-staging/2026-05-23/files/Outputs/moltbook/2026-05-17-080343-edt-codi-moltbook-reply-watcher.md
Outputs/moltbook/2026-05-17-080343-edt-home.headers.txt	1779019424	497	stale report	cleanup-staging/2026-05-23/files/Outputs/moltbook/2026-05-17-080343-edt-home.headers.txt
Outputs/moltbook/2026-05-17-080343-edt-home.json	1779019424	2294	stale report	cleanup-staging/2026-05-23/files/Outputs/moltbook/2026-05-17-080343-edt-home.json
Outputs/moltbook/2026-05-17-080343-edt-notifications.headers.txt	1779019424	497	stale report	cleanup-staging/2026-05-23/files/Outputs/moltbook/2026-05-17-080343-edt-notifications.headers.txt
Outputs/moltbook/2026-05-17-080343-edt-notifications.json	1779019424	1087	stale report	cleanup-staging/2026-05-23/files/Outputs/moltbook/2026-05-17-080343-edt-notifications.json
Outputs/moltbook/2026-05-17-083114-edt-codi-moltbook-reply-watcher.md	1779021121	2220	stale watcher artifact	cleanup-staging/2026-05-23/files/Outputs/moltbook/2026-05-17-083114-edt-codi-moltbook-reply-watcher.md
Outputs/moltbook/2026-05-17-090312-edt-agents-dm-requests.headers.txt	1779022993	487	stale report	cleanup-staging/2026-05-23/files/Outputs/moltbook/2026-05-17-090312-edt-agents-dm-requests.headers.txt
Outputs/moltbook/2026-05-17-090312-edt-agents-dm-requests.json	1779022993	1468	stale report	cleanup-staging/2026-05-23/files/Outputs/moltbook/2026-05-17-090312-edt-agents-dm-requests.json
Outputs/moltbook/2026-05-17-090312-edt-codi-moltbook-reply-watcher.md	1779023016	2312	stale watcher artifact	cleanup-staging/2026-05-23/files/Outputs/moltbook/2026-05-17-090312-edt-codi-moltbook-reply-watcher.md
Outputs/moltbook/2026-05-17-090312-edt-home.headers.txt	1779022993	487	stale report	cleanup-staging/2026-05-23/files/Outputs/moltbook/2026-05-17-090312-edt-home.headers.txt
Outputs/moltbook/2026-05-17-090312-edt-home.json	1779022993	2294	stale report	cleanup-staging/2026-05-23/files/Outputs/moltbook/2026-05-17-090312-edt-home.json
Outputs/moltbook/2026-05-17-090312-edt-notifications.headers.txt	1779022994	487	stale report	cleanup-staging/2026-05-23/files/Outputs/moltbook/2026-05-17-090312-edt-notifications.headers.txt
Outputs/moltbook/2026-05-17-090312-edt-notifications.json	1779022994	1087	stale report	cleanup-staging/2026-05-23/files/Outputs/moltbook/2026-05-17-090312-edt-notifications.json
Outputs/moltbook/2026-05-17-090312-edt-summary.json	1779022994	602	stale report	cleanup-staging/2026-05-23/files/Outputs/moltbook/2026-05-17-090312-edt-summary.json
Outputs/moltbook/2026-05-17-0930-edt-codi-moltbook-reply-watcher.md	1779024753	1880	stale watcher artifact	cleanup-staging/2026-05-23/files/Outputs/moltbook/2026-05-17-0930-edt-codi-moltbook-reply-watcher.md
Outputs/moltbook/2026-05-17-100116-edt-agents-dm-requests.headers.txt	1779026478	497	stale report	cleanup-staging/2026-05-23/files/Outputs/moltbook/2026-05-17-100116-edt-agents-dm-requests.headers.txt
Outputs/moltbook/2026-05-17-100116-edt-agents-dm-requests.json	1779026478	1468	stale report	cleanup-staging/2026-05-23/files/Outputs/moltbook/2026-05-17-100116-edt-agents-dm-requests.json
Outputs/moltbook/2026-05-17-100116-edt-codi-moltbook-reply-watcher.md	1779026532	2272	stale watcher artifact	cleanup-staging/2026-05-23/files/Outputs/moltbook/2026-05-17-100116-edt-codi-moltbook-reply-watcher.md
Outputs/moltbook/2026-05-17-100116-edt-home.headers.txt	1779026477	497	stale report	cleanup-staging/2026-05-23/files/Outputs/moltbook/2026-05-17-100116-edt-home.headers.txt
Outputs/moltbook/2026-05-17-100116-edt-home.json	1779026477	2294	stale report	cleanup-staging/2026-05-23/files/Outputs/moltbook/2026-05-17-100116-edt-home.json
Outputs/moltbook/2026-05-17-100116-edt-notifications.headers.txt	1779026478	497	stale report	cleanup-staging/2026-05-23/files/Outputs/moltbook/2026-05-17-100116-edt-notifications.headers.txt
Outputs/moltbook/2026-05-17-100116-edt-notifications.json	1779026478	1073	stale report	cleanup-staging/2026-05-23/files/Outputs/moltbook/2026-05-17-100116-edt-notifications.json
Outputs/moltbook/2026-05-17-100116-edt-summary.json	1779026478	944	stale report	cleanup-staging/2026-05-23/files/Outputs/moltbook/2026-05-17-100116-edt-summary.json
Outputs/moltbook/2026-05-17-103128-edt-codi-moltbook-reply-watcher.md	1779028316	1597	stale watcher artifact	cleanup-staging/2026-05-23/files/Outputs/moltbook/2026-05-17-103128-edt-codi-moltbook-reply-watcher.md
Outputs/moltbook/2026-05-17-103128-edt-dm_requests.json	1779028289	1468	stale report	cleanup-staging/2026-05-23/files/Outputs/moltbook/2026-05-17-103128-edt-dm_requests.json
Outputs/moltbook/2026-05-17-103128-edt-home.json	1779028289	2294	stale report	cleanup-staging/2026-05-23/files/Outputs/moltbook/2026-05-17-103128-edt-home.json
Outputs/moltbook/2026-05-17-103128-edt-notifications.json	1779028289	1088	stale report	cleanup-staging/2026-05-23/files/Outputs/moltbook/2026-05-17-103128-edt-notifications.json
Outputs/moltbook/2026-05-17-110202-edt-codi-moltbook-reply-watcher.md	1779030123	1580	stale watcher artifact	cleanup-staging/2026-05-23/files/Outputs/moltbook/2026-05-17-110202-edt-codi-moltbook-reply-watcher.md
Outputs/moltbook/2026-05-17-110202-edt-dm_requests.json	1779030123	1752	stale report	cleanup-staging/2026-05-23/files/Outputs/moltbook/2026-05-17-110202-edt-dm_requests.json
Outputs/moltbook/2026-05-17-110202-edt-home.json	1779030123	2577	stale report	cleanup-staging/2026-05-23/files/Outputs/moltbook/2026-05-17-110202-edt-home.json
Outputs/moltbook/2026-05-17-110202-edt-notifications.json	1779030123	1352	stale report	cleanup-staging/2026-05-23/files/Outputs/moltbook/2026-05-17-110202-edt-notifications.json
Outputs/moltbook/2026-05-17-113231-edt-codi-moltbook-reply-watcher.md	1779031952	1206	stale watcher artifact	cleanup-staging/2026-05-23/files/Outputs/moltbook/2026-05-17-113231-edt-codi-moltbook-reply-watcher.md
Outputs/moltbook/2026-05-17-113231-edt-dm_requests.json	1779031952	1468	stale report	cleanup-staging/2026-05-23/files/Outputs/moltbook/2026-05-17-113231-edt-dm_requests.json
Outputs/moltbook/2026-05-17-113231-edt-home.json	1779031952	2294	stale report	cleanup-staging/2026-05-23/files/Outputs/moltbook/2026-05-17-113231-edt-home.json
Outputs/moltbook/2026-05-17-113231-edt-notifications.json	1779031952	1073	stale report	cleanup-staging/2026-05-23/files/Outputs/moltbook/2026-05-17-113231-edt-notifications.json
Outputs/moltbook/2026-05-17-113231-edt-summary.json	1779031952	316	stale report	cleanup-staging/2026-05-23/files/Outputs/moltbook/2026-05-17-113231-edt-summary.json
Outputs/moltbook/2026-05-17-120220-edt-agents-dm-requests.headers.txt	1779033741	421	stale report	cleanup-staging/2026-05-23/files/Outputs/moltbook/2026-05-17-120220-edt-agents-dm-requests.headers.txt
Outputs/moltbook/2026-05-17-120220-edt-agents-dm-requests.json	1779033741	437	stale report	cleanup-staging/2026-05-23/files/Outputs/moltbook/2026-05-17-120220-edt-agents-dm-requests.json
Outputs/moltbook/2026-05-17-120220-edt-home.headers.txt	1779033741	421	stale report	cleanup-staging/2026-05-23/files/Outputs/moltbook/2026-05-17-120220-edt-home.headers.txt
Outputs/moltbook/2026-05-17-120220-edt-home.json	1779033741	423	stale report	cleanup-staging/2026-05-23/files/Outputs/moltbook/2026-05-17-120220-edt-home.json
Outputs/moltbook/2026-05-17-120220-edt-notifications.headers.txt	1779033741	421	stale report	cleanup-staging/2026-05-23/files/Outputs/moltbook/2026-05-17-120220-edt-notifications.headers.txt
Outputs/moltbook/2026-05-17-120220-edt-notifications.json	1779033741	432	stale report	cleanup-staging/2026-05-23/files/Outputs/moltbook/2026-05-17-120220-edt-notifications.json
Outputs/moltbook/2026-05-17-120220-edt-summary.json	1779033741	2114	stale report	cleanup-staging/2026-05-23/files/Outputs/moltbook/2026-05-17-120220-edt-summary.json
Outputs/moltbook/2026-05-17-120239-edt-agents-dm-requests.headers.txt	1779033760	499	stale report	cleanup-staging/2026-05-23/files/Outputs/moltbook/2026-05-17-120239-edt-agents-dm-requests.headers.txt
Outputs/moltbook/2026-05-17-120239-edt-agents-dm-requests.json	1779033760	1468	stale report	cleanup-staging/2026-05-23/files/Outputs/moltbook/2026-05-17-120239-edt-agents-dm-requests.json
Outputs/moltbook/2026-05-17-120239-edt-codi-moltbook-reply-watcher.md	1779033783	996	stale watcher artifact	cleanup-staging/2026-05-23/files/Outputs/moltbook/2026-05-17-120239-edt-codi-moltbook-reply-watcher.md
Outputs/moltbook/2026-05-17-120239-edt-home.headers.txt	1779033760	499	stale report	cleanup-staging/2026-05-23/files/Outputs/moltbook/2026-05-17-120239-edt-home.headers.txt
Outputs/moltbook/2026-05-17-120239-edt-home.json	1779033760	2294	stale report	cleanup-staging/2026-05-23/files/Outputs/moltbook/2026-05-17-120239-edt-home.json
Outputs/moltbook/2026-05-17-120239-edt-notifications.headers.txt	1779033760	499	stale report	cleanup-staging/2026-05-23/files/Outputs/moltbook/2026-05-17-120239-edt-notifications.headers.txt
Outputs/moltbook/2026-05-17-120239-edt-notifications.json	1779033760	1083	stale report	cleanup-staging/2026-05-23/files/Outputs/moltbook/2026-05-17-120239-edt-notifications.json
Outputs/moltbook/2026-05-17-120239-edt-summary.json	1779033760	7093	stale report	cleanup-staging/2026-05-23/files/Outputs/moltbook/2026-05-17-120239-edt-summary.json
Outputs/moltbook/2026-05-17-120239-edt-watcher-report.json	1779033783	1710	stale watcher artifact	cleanup-staging/2026-05-23/files/Outputs/moltbook/2026-05-17-120239-edt-watcher-report.json
Outputs/moltbook/2026-05-17-1230-edt-codi-moltbook-reply-watcher.md	1779035480	1769	stale watcher artifact	cleanup-staging/2026-05-23/files/Outputs/moltbook/2026-05-17-1230-edt-codi-moltbook-reply-watcher.md
Outputs/moltbook/2026-05-17-130000-edt-agents-dm-requests.json	1779037272	287	stale report	cleanup-staging/2026-05-23/files/Outputs/moltbook/2026-05-17-130000-edt-agents-dm-requests.json
Outputs/moltbook/2026-05-17-130000-edt-codi-moltbook-reply-watcher.md	1779037312	916	stale watcher artifact	cleanup-staging/2026-05-23/files/Outputs/moltbook/2026-05-17-130000-edt-codi-moltbook-reply-watcher.md
Outputs/moltbook/2026-05-17-130000-edt-home.json	1779037271	2488	stale report	cleanup-staging/2026-05-23/files/Outputs/moltbook/2026-05-17-130000-edt-home.json
Outputs/moltbook/2026-05-17-130000-edt-notifications.json	1779037272	1336	stale report	cleanup-staging/2026-05-23/files/Outputs/moltbook/2026-05-17-130000-edt-notifications.json
Outputs/moltbook/2026-05-17-130000-edt-summary.json	1779037312	407	stale report	cleanup-staging/2026-05-23/files/Outputs/moltbook/2026-05-17-130000-edt-summary.json
Outputs/moltbook/2026-05-17-133146-edt-codi-moltbook-reply-watcher.md	1779039107	451	stale watcher artifact	cleanup-staging/2026-05-23/files/Outputs/moltbook/2026-05-17-133146-edt-codi-moltbook-reply-watcher.md
Outputs/moltbook/2026-05-17-133146-edt-dm_requests.headers.txt	1779039107	495	stale report	cleanup-staging/2026-05-23/files/Outputs/moltbook/2026-05-17-133146-edt-dm_requests.headers.txt
Outputs/moltbook/2026-05-17-133146-edt-dm_requests.json	1779039107	228	stale report	cleanup-staging/2026-05-23/files/Outputs/moltbook/2026-05-17-133146-edt-dm_requests.json
Outputs/moltbook/2026-05-17-133146-edt-home.headers.txt	1779039106	497	stale report	cleanup-staging/2026-05-23/files/Outputs/moltbook/2026-05-17-133146-edt-home.headers.txt
Outputs/moltbook/2026-05-17-133146-edt-home.json	1779039106	2214	stale report	cleanup-staging/2026-05-23/files/Outputs/moltbook/2026-05-17-133146-edt-home.json
Outputs/moltbook/2026-05-17-133146-edt-notifications.headers.txt	1779039107	497	stale report	cleanup-staging/2026-05-23/files/Outputs/moltbook/2026-05-17-133146-edt-notifications.headers.txt
Outputs/moltbook/2026-05-17-133146-edt-notifications.json	1779039107	1073	stale report	cleanup-staging/2026-05-23/files/Outputs/moltbook/2026-05-17-133146-edt-notifications.json
Outputs/moltbook/2026-05-17-133146-edt-summary.json	1779039107	456	stale report	cleanup-staging/2026-05-23/files/Outputs/moltbook/2026-05-17-133146-edt-summary.json
Outputs/moltbook/2026-05-17-140000-edt-codi-moltbook-reply-watcher.md	1779040892	1042	stale watcher artifact	cleanup-staging/2026-05-23/files/Outputs/moltbook/2026-05-17-140000-edt-codi-moltbook-reply-watcher.md
Outputs/moltbook/2026-05-17-140000-edt-dm_requests.headers.txt	1779040857	415	stale report	cleanup-staging/2026-05-23/files/Outputs/moltbook/2026-05-17-140000-edt-dm_requests.headers.txt
Outputs/moltbook/2026-05-17-140000-edt-dm_requests.json	1779040857	143	stale report	cleanup-staging/2026-05-23/files/Outputs/moltbook/2026-05-17-140000-edt-dm_requests.json
Outputs/moltbook/2026-05-17-140000-edt-home.headers.txt	1779040847	415	stale report	cleanup-staging/2026-05-23/files/Outputs/moltbook/2026-05-17-140000-edt-home.headers.txt
Outputs/moltbook/2026-05-17-140000-edt-home.json	1779040847	129	stale report	cleanup-staging/2026-05-23/files/Outputs/moltbook/2026-05-17-140000-edt-home.json
Outputs/moltbook/2026-05-17-140000-edt-notifications.headers.txt	1779040867	415	stale report	cleanup-staging/2026-05-23/files/Outputs/moltbook/2026-05-17-140000-edt-notifications.headers.txt
Outputs/moltbook/2026-05-17-140000-edt-notifications.json	1779040867	138	stale report	cleanup-staging/2026-05-23/files/Outputs/moltbook/2026-05-17-140000-edt-notifications.json
Outputs/moltbook/2026-05-17-140000-edt-summary.json	1779040892	707	stale report	cleanup-staging/2026-05-23/files/Outputs/moltbook/2026-05-17-140000-edt-summary.json
Outputs/moltbook/2026-05-17-150228-edt-agents-dm-requests.headers.txt	1779044549	495	stale report	cleanup-staging/2026-05-23/files/Outputs/moltbook/2026-05-17-150228-edt-agents-dm-requests.headers.txt
Outputs/moltbook/2026-05-17-150228-edt-agents-dm-requests.json	1779044549	228	stale report	cleanup-staging/2026-05-23/files/Outputs/moltbook/2026-05-17-150228-edt-agents-dm-requests.json
Outputs/moltbook/2026-05-17-150228-edt-codi-moltbook-reply-watcher.md	1779044585	1706	stale watcher artifact	cleanup-staging/2026-05-23/files/Outputs/moltbook/2026-05-17-150228-edt-codi-moltbook-reply-watcher.md
Outputs/moltbook/2026-05-17-150228-edt-home.headers.txt	1779044549	497	stale report	cleanup-staging/2026-05-23/files/Outputs/moltbook/2026-05-17-150228-edt-home.headers.txt
Outputs/moltbook/2026-05-17-150228-edt-home.json	1779044549	2214	stale report	cleanup-staging/2026-05-23/files/Outputs/moltbook/2026-05-17-150228-edt-home.json
Outputs/moltbook/2026-05-17-150228-edt-notifications.headers.txt	1779044549	497	stale report	cleanup-staging/2026-05-23/files/Outputs/moltbook/2026-05-17-150228-edt-notifications.headers.txt
Outputs/moltbook/2026-05-17-150228-edt-notifications.json	1779044549	1087	stale report	cleanup-staging/2026-05-23/files/Outputs/moltbook/2026-05-17-150228-edt-notifications.json
Outputs/moltbook/2026-05-17-153044-edt-codi-moltbook-reply-watcher.md	1779046282	2567	stale watcher artifact	cleanup-staging/2026-05-23/files/Outputs/moltbook/2026-05-17-153044-edt-codi-moltbook-reply-watcher.md
Outputs/moltbook/2026-05-17-160000-edt-codi-moltbook-reply-watcher.md	1779048117	2567	stale watcher artifact	cleanup-staging/2026-05-23/files/Outputs/moltbook/2026-05-17-160000-edt-codi-moltbook-reply-watcher.md
Outputs/moltbook/2026-05-17-163104-edt-codi-moltbook-reply-watcher.md	1779049885	1902	stale watcher artifact	cleanup-staging/2026-05-23/files/Outputs/moltbook/2026-05-17-163104-edt-codi-moltbook-reply-watcher.md
Outputs/moltbook/2026-05-17-170000-edt-codi-moltbook-reply-watcher.md	1779051706	2567	stale watcher artifact	cleanup-staging/2026-05-23/files/Outputs/moltbook/2026-05-17-170000-edt-codi-moltbook-reply-watcher.md
Outputs/moltbook/2026-05-17-1730-edt-codi-moltbook-reply-watcher.md	1779053483	1264	stale watcher artifact	cleanup-staging/2026-05-23/files/Outputs/moltbook/2026-05-17-1730-edt-codi-moltbook-reply-watcher.md
Outputs/moltbook/2026-05-17-180206-edt-codi-moltbook-reply-watcher.md	1779055366	1791	stale watcher artifact	cleanup-staging/2026-05-23/files/Outputs/moltbook/2026-05-17-180206-edt-codi-moltbook-reply-watcher.md
Outputs/moltbook/2026-05-17-183059-edt-agents-dm-requests.headers.txt	1779057060	495	stale report	cleanup-staging/2026-05-23/files/Outputs/moltbook/2026-05-17-183059-edt-agents-dm-requests.headers.txt
Outputs/moltbook/2026-05-17-183059-edt-agents-dm-requests.json	1779057060	228	stale report	cleanup-staging/2026-05-23/files/Outputs/moltbook/2026-05-17-183059-edt-agents-dm-requests.json
Outputs/moltbook/2026-05-17-183059-edt-codi-moltbook-reply-watcher.md	1779057103	1544	stale watcher artifact	cleanup-staging/2026-05-23/files/Outputs/moltbook/2026-05-17-183059-edt-codi-moltbook-reply-watcher.md
Outputs/moltbook/2026-05-17-183059-edt-home.headers.txt	1779057060	497	stale report	cleanup-staging/2026-05-23/files/Outputs/moltbook/2026-05-17-183059-edt-home.headers.txt
Outputs/moltbook/2026-05-17-183059-edt-home.json	1779057060	2214	stale report	cleanup-staging/2026-05-23/files/Outputs/moltbook/2026-05-17-183059-edt-home.json
Outputs/moltbook/2026-05-17-183059-edt-notifications.headers.txt	1779057060	497	stale report	cleanup-staging/2026-05-23/files/Outputs/moltbook/2026-05-17-183059-edt-notifications.headers.txt
Outputs/moltbook/2026-05-17-183059-edt-notifications.json	1779057060	1069	stale report	cleanup-staging/2026-05-23/files/Outputs/moltbook/2026-05-17-183059-edt-notifications.json
Outputs/moltbook/2026-05-17-190128-edt-agents-dm-requests.headers.txt	1779058889	485	stale report	cleanup-staging/2026-05-23/files/Outputs/moltbook/2026-05-17-190128-edt-agents-dm-requests.headers.txt
Outputs/moltbook/2026-05-17-190128-edt-agents-dm-requests.json	1779058889	228	stale report	cleanup-staging/2026-05-23/files/Outputs/moltbook/2026-05-17-190128-edt-agents-dm-requests.json
Outputs/moltbook/2026-05-17-190128-edt-codi-moltbook-reply-watcher.md	1779058889	1475	stale watcher artifact	cleanup-staging/2026-05-23/files/Outputs/moltbook/2026-05-17-190128-edt-codi-moltbook-reply-watcher.md
Outputs/moltbook/2026-05-17-190128-edt-home.headers.txt	1779058889	487	stale report	cleanup-staging/2026-05-23/files/Outputs/moltbook/2026-05-17-190128-edt-home.headers.txt
Outputs/moltbook/2026-05-17-190128-edt-home.json	1779058889	2214	stale report	cleanup-staging/2026-05-23/files/Outputs/moltbook/2026-05-17-190128-edt-home.json
Outputs/moltbook/2026-05-17-190128-edt-notifications.headers.txt	1779058889	487	stale report	cleanup-staging/2026-05-23/files/Outputs/moltbook/2026-05-17-190128-edt-notifications.headers.txt
Outputs/moltbook/2026-05-17-190128-edt-notifications.json	1779058889	1088	stale report	cleanup-staging/2026-05-23/files/Outputs/moltbook/2026-05-17-190128-edt-notifications.json
Outputs/moltbook/2026-05-17-190128-edt-summary.json	1779058889	1279	stale report	cleanup-staging/2026-05-23/files/Outputs/moltbook/2026-05-17-190128-edt-summary.json
Outputs/moltbook/2026-05-17-1930-edt-codi-moltbook-reply-watcher.md	1779060709	1676	stale watcher artifact	cleanup-staging/2026-05-23/files/Outputs/moltbook/2026-05-17-1930-edt-codi-moltbook-reply-watcher.md
Outputs/moltbook/2026-05-17-200118-edt-agents-dm-requests.headers.txt	1779062479	484	stale report	cleanup-staging/2026-05-23/files/Outputs/moltbook/2026-05-17-200118-edt-agents-dm-requests.headers.txt
Outputs/moltbook/2026-05-17-200118-edt-agents-dm-requests.json	1779062479	228	stale report	cleanup-staging/2026-05-23/files/Outputs/moltbook/2026-05-17-200118-edt-agents-dm-requests.json
Outputs/moltbook/2026-05-17-200118-edt-audio-unavailable.txt	1779062510	106	stale report	cleanup-staging/2026-05-23/files/Outputs/moltbook/2026-05-17-200118-edt-audio-unavailable.txt
Outputs/moltbook/2026-05-17-200118-edt-codi-moltbook-reply-watcher.md	1779062480	1102	stale watcher artifact	cleanup-staging/2026-05-23/files/Outputs/moltbook/2026-05-17-200118-edt-codi-moltbook-reply-watcher.md
Outputs/moltbook/2026-05-17-200118-edt-home.headers.txt	1779062479	486	stale report	cleanup-staging/2026-05-23/files/Outputs/moltbook/2026-05-17-200118-edt-home.headers.txt
Outputs/moltbook/2026-05-17-200118-edt-home.json	1779062479	2214	stale report	cleanup-staging/2026-05-23/files/Outputs/moltbook/2026-05-17-200118-edt-home.json
Outputs/moltbook/2026-05-17-200118-edt-notifications.headers.txt	1779062480	486	stale report	cleanup-staging/2026-05-23/files/Outputs/moltbook/2026-05-17-200118-edt-notifications.headers.txt
Outputs/moltbook/2026-05-17-200118-edt-notifications.json	1779062480	1069	stale report	cleanup-staging/2026-05-23/files/Outputs/moltbook/2026-05-17-200118-edt-notifications.json
Outputs/moltbook/2026-05-17-203117-edt-agents-dm-requests.headers.txt	1779064278	495	stale report	cleanup-staging/2026-05-23/files/Outputs/moltbook/2026-05-17-203117-edt-agents-dm-requests.headers.txt
Outputs/moltbook/2026-05-17-203117-edt-agents-dm-requests.json	1779064278	228	stale report	cleanup-staging/2026-05-23/files/Outputs/moltbook/2026-05-17-203117-edt-agents-dm-requests.json
Outputs/moltbook/2026-05-17-203117-edt-codi-moltbook-reply-watcher.md	1779064309	1392	stale watcher artifact	cleanup-staging/2026-05-23/files/Outputs/moltbook/2026-05-17-203117-edt-codi-moltbook-reply-watcher.md
Outputs/moltbook/2026-05-17-203117-edt-home.headers.txt	1779064278	497	stale report	cleanup-staging/2026-05-23/files/Outputs/moltbook/2026-05-17-203117-edt-home.headers.txt
Outputs/moltbook/2026-05-17-203117-edt-home.json	1779064278	2214	stale report	cleanup-staging/2026-05-23/files/Outputs/moltbook/2026-05-17-203117-edt-home.json
Outputs/moltbook/2026-05-17-203117-edt-notifications.headers.txt	1779064279	497	stale report	cleanup-staging/2026-05-23/files/Outputs/moltbook/2026-05-17-203117-edt-notifications.headers.txt
Outputs/moltbook/2026-05-17-203117-edt-notifications.json	1779064279	1088	stale report	cleanup-staging/2026-05-23/files/Outputs/moltbook/2026-05-17-203117-edt-notifications.json
Outputs/moltbook/2026-05-17-2102-edt-codi-moltbook-reply-watcher.md	1779066174	309	stale watcher artifact	cleanup-staging/2026-05-23/files/Outputs/moltbook/2026-05-17-2102-edt-codi-moltbook-reply-watcher.md
Outputs/moltbook/2026-05-17-2102-edt-summary.json	1779066174	1666	stale report	cleanup-staging/2026-05-23/files/Outputs/moltbook/2026-05-17-2102-edt-summary.json
Outputs/moltbook/2026-05-17-2102-edt-watcher-report.json	1779066174	466	stale watcher artifact	cleanup-staging/2026-05-23/files/Outputs/moltbook/2026-05-17-2102-edt-watcher-report.json
Outputs/moltbook/2026-05-17-213000-edt-agents-dm-requests.headers.txt	1779067890	495	stale report	cleanup-staging/2026-05-23/files/Outputs/moltbook/2026-05-17-213000-edt-agents-dm-requests.headers.txt
Outputs/moltbook/2026-05-17-213000-edt-agents-dm-requests.json	1779067890	228	stale report	cleanup-staging/2026-05-23/files/Outputs/moltbook/2026-05-17-213000-edt-agents-dm-requests.json
Outputs/moltbook/2026-05-17-213000-edt-codi-moltbook-reply-watcher.md	1779067921	1440	stale watcher artifact	cleanup-staging/2026-05-23/files/Outputs/moltbook/2026-05-17-213000-edt-codi-moltbook-reply-watcher.md
Outputs/moltbook/2026-05-17-213000-edt-home.headers.txt	1779067890	497	stale report	cleanup-staging/2026-05-23/files/Outputs/moltbook/2026-05-17-213000-edt-home.headers.txt
Outputs/moltbook/2026-05-17-213000-edt-home.json	1779067890	2214	stale report	cleanup-staging/2026-05-23/files/Outputs/moltbook/2026-05-17-213000-edt-home.json
Outputs/moltbook/2026-05-17-213000-edt-notifications.headers.txt	1779067891	497	stale report	cleanup-staging/2026-05-23/files/Outputs/moltbook/2026-05-17-213000-edt-notifications.headers.txt
Outputs/moltbook/2026-05-17-213000-edt-notifications.json	1779067891	1083	stale report	cleanup-staging/2026-05-23/files/Outputs/moltbook/2026-05-17-213000-edt-notifications.json
Outputs/moltbook/2026-05-17-220117-edt-agents-dm-requests.headers.txt	1779069681	495	stale report	cleanup-staging/2026-05-23/files/Outputs/moltbook/2026-05-17-220117-edt-agents-dm-requests.headers.txt
Outputs/moltbook/2026-05-17-220117-edt-agents-dm-requests.json	1779069681	228	stale report	cleanup-staging/2026-05-23/files/Outputs/moltbook/2026-05-17-220117-edt-agents-dm-requests.json
Outputs/moltbook/2026-05-17-220117-edt-codi-moltbook-reply-watcher.md	1779069697	1434	stale watcher artifact	cleanup-staging/2026-05-23/files/Outputs/moltbook/2026-05-17-220117-edt-codi-moltbook-reply-watcher.md
Outputs/moltbook/2026-05-17-220117-edt-home.headers.txt	1779069680	497	stale report	cleanup-staging/2026-05-23/files/Outputs/moltbook/2026-05-17-220117-edt-home.headers.txt
Outputs/moltbook/2026-05-17-220117-edt-home.json	1779069680	2214	stale report	cleanup-staging/2026-05-23/files/Outputs/moltbook/2026-05-17-220117-edt-home.json
Outputs/moltbook/2026-05-17-220117-edt-notifications.headers.txt	1779069681	497	stale report	cleanup-staging/2026-05-23/files/Outputs/moltbook/2026-05-17-220117-edt-notifications.headers.txt
Outputs/moltbook/2026-05-17-220117-edt-notifications.json	1779069681	1088	stale report	cleanup-staging/2026-05-23/files/Outputs/moltbook/2026-05-17-220117-edt-notifications.json
Outputs/moltbook/2026-05-17-223100-edt-agents-dm-requests.headers.txt	1779071464	495	stale report	cleanup-staging/2026-05-23/files/Outputs/moltbook/2026-05-17-223100-edt-agents-dm-requests.headers.txt
Outputs/moltbook/2026-05-17-223100-edt-agents-dm-requests.json	1779071464	228	stale report	cleanup-staging/2026-05-23/files/Outputs/moltbook/2026-05-17-223100-edt-agents-dm-requests.json
Outputs/moltbook/2026-05-17-223100-edt-codi-moltbook-reply-watcher.md	1779071511	1434	stale watcher artifact	cleanup-staging/2026-05-23/files/Outputs/moltbook/2026-05-17-223100-edt-codi-moltbook-reply-watcher.md
Outputs/moltbook/2026-05-17-223100-edt-home.headers.txt	1779071463	497	stale report	cleanup-staging/2026-05-23/files/Outputs/moltbook/2026-05-17-223100-edt-home.headers.txt
Outputs/moltbook/2026-05-17-223100-edt-home.json	1779071463	2214	stale report	cleanup-staging/2026-05-23/files/Outputs/moltbook/2026-05-17-223100-edt-home.json
Outputs/moltbook/2026-05-17-223100-edt-notifications.headers.txt	1779071465	497	stale report	cleanup-staging/2026-05-23/files/Outputs/moltbook/2026-05-17-223100-edt-notifications.headers.txt
Outputs/moltbook/2026-05-17-223100-edt-notifications.json	1779071465	1088	stale report	cleanup-staging/2026-05-23/files/Outputs/moltbook/2026-05-17-223100-edt-notifications.json
Outputs/moltbook/2026-05-17-230101-edt-agents-dm-requests.json	1779073298	229	stale report	cleanup-staging/2026-05-23/files/Outputs/moltbook/2026-05-17-230101-edt-agents-dm-requests.json
Outputs/moltbook/2026-05-17-230101-edt-codi-moltbook-reply-watcher.md	1779073298	1204	stale watcher artifact	cleanup-staging/2026-05-23/files/Outputs/moltbook/2026-05-17-230101-edt-codi-moltbook-reply-watcher.md
Outputs/moltbook/2026-05-17-230101-edt-home.json	1779073298	2215	stale report	cleanup-staging/2026-05-23/files/Outputs/moltbook/2026-05-17-230101-edt-home.json
Outputs/moltbook/2026-05-17-230101-edt-notifications.json	1779073298	1089	stale report	cleanup-staging/2026-05-23/files/Outputs/moltbook/2026-05-17-230101-edt-notifications.json
Outputs/moltbook/2026-05-17-2330-edt-agents-dm-requests.headers.txt	1779075084	415	stale report	cleanup-staging/2026-05-23/files/Outputs/moltbook/2026-05-17-2330-edt-agents-dm-requests.headers.txt
Outputs/moltbook/2026-05-17-2330-edt-agents-dm-requests.json	1779075084	143	stale report	cleanup-staging/2026-05-23/files/Outputs/moltbook/2026-05-17-2330-edt-agents-dm-requests.json
Outputs/moltbook/2026-05-17-2330-edt-codi-moltbook-reply-watcher.md	1779075116	1439	stale watcher artifact	cleanup-staging/2026-05-23/files/Outputs/moltbook/2026-05-17-2330-edt-codi-moltbook-reply-watcher.md
Outputs/moltbook/2026-05-17-2330-edt-home.headers.txt	1779075074	415	stale report	cleanup-staging/2026-05-23/files/Outputs/moltbook/2026-05-17-2330-edt-home.headers.txt
Outputs/moltbook/2026-05-17-2330-edt-home.json	1779075074	129	stale report	cleanup-staging/2026-05-23/files/Outputs/moltbook/2026-05-17-2330-edt-home.json
Outputs/moltbook/2026-05-17-2330-edt-notifications.headers.txt	1779075094	415	stale report	cleanup-staging/2026-05-23/files/Outputs/moltbook/2026-05-17-2330-edt-notifications.headers.txt
Outputs/moltbook/2026-05-17-2330-edt-notifications.json	1779075094	138	stale report	cleanup-staging/2026-05-23/files/Outputs/moltbook/2026-05-17-2330-edt-notifications.json
Outputs/moltbook/2026-05-17-codi-moltbook-curiosity-pulse.md	1779055453	3199	stale report	cleanup-staging/2026-05-23/files/Outputs/moltbook/2026-05-17-codi-moltbook-curiosity-pulse.md
Outputs/moltbook/2026-05-17-codi-moltbook-daily-report.md	1779065227	2971	stale report	cleanup-staging/2026-05-23/files/Outputs/moltbook/2026-05-17-codi-moltbook-daily-report.md
Outputs/moltbook/2026-05-17-codi-moltbook-daily-review.md	1779064406	3609	stale report	cleanup-staging/2026-05-23/files/Outputs/moltbook/2026-05-17-codi-moltbook-daily-review.md
Outputs/moltbook/2026-05-17-curiosity-pulse.md	1779033887	1691	stale report	cleanup-staging/2026-05-23/files/Outputs/moltbook/2026-05-17-curiosity-pulse.md
Outputs/moltbook/2026-05-17_moltbook_reply_watcher.md	1779042684	1016	stale watcher artifact	cleanup-staging/2026-05-23/files/Outputs/moltbook/2026-05-17_moltbook_reply_watcher.md
Outputs/moltbook/2026-05-18-0001-edt-codi-moltbook-reply-watcher.md	1779076974	2000	stale watcher artifact	cleanup-staging/2026-05-23/files/Outputs/moltbook/2026-05-18-0001-edt-codi-moltbook-reply-watcher.md
Outputs/moltbook/2026-05-18-0030-edt-codi-moltbook-reply-watcher.md	1779078710	4694	stale watcher artifact	cleanup-staging/2026-05-23/files/Outputs/moltbook/2026-05-18-0030-edt-codi-moltbook-reply-watcher.md
Outputs/moltbook/2026-05-18-0100-edt-agents-dm-check.headers.txt	1779080451	496	stale report	cleanup-staging/2026-05-23/files/Outputs/moltbook/2026-05-18-0100-edt-agents-dm-check.headers.txt
Outputs/moltbook/2026-05-18-0100-edt-agents-dm-check.json	1779080451	313	stale report	cleanup-staging/2026-05-23/files/Outputs/moltbook/2026-05-18-0100-edt-agents-dm-check.json
Outputs/moltbook/2026-05-18-0100-edt-agents-dm-conversations.headers.txt	1779080451	497	stale report	cleanup-staging/2026-05-23/files/Outputs/moltbook/2026-05-18-0100-edt-agents-dm-conversations.headers.txt
Outputs/moltbook/2026-05-18-0100-edt-agents-dm-conversations.json	1779080451	1171	stale report	cleanup-staging/2026-05-23/files/Outputs/moltbook/2026-05-18-0100-edt-agents-dm-conversations.json
Outputs/moltbook/2026-05-18-0100-edt-agents-dm-requests.headers.txt	1779080451	495	stale report	cleanup-staging/2026-05-23/files/Outputs/moltbook/2026-05-18-0100-edt-agents-dm-requests.headers.txt
Outputs/moltbook/2026-05-18-0100-edt-agents-dm-requests.json	1779080451	228	stale report	cleanup-staging/2026-05-23/files/Outputs/moltbook/2026-05-18-0100-edt-agents-dm-requests.json
Outputs/moltbook/2026-05-18-0100-edt-codi-moltbook-reply-watcher.md	1779080472	1860	stale watcher artifact	cleanup-staging/2026-05-23/files/Outputs/moltbook/2026-05-18-0100-edt-codi-moltbook-reply-watcher.md
Outputs/moltbook/2026-05-18-0100-edt-home.headers.txt	1779080451	497	stale report	cleanup-staging/2026-05-23/files/Outputs/moltbook/2026-05-18-0100-edt-home.headers.txt
Outputs/moltbook/2026-05-18-0100-edt-home.json	1779080451	2214	stale report	cleanup-staging/2026-05-23/files/Outputs/moltbook/2026-05-18-0100-edt-home.json
Outputs/moltbook/2026-05-18-0100-edt-notifications.headers.txt	1779080451	497	stale report	cleanup-staging/2026-05-23/files/Outputs/moltbook/2026-05-18-0100-edt-notifications.headers.txt
Outputs/moltbook/2026-05-18-0100-edt-notifications.json	1779080451	1069	stale report	cleanup-staging/2026-05-23/files/Outputs/moltbook/2026-05-18-0100-edt-notifications.json
Outputs/moltbook/2026-05-18-013131-edt-codi-moltbook-reply-watcher.md	1779082315	2021	stale watcher artifact	cleanup-staging/2026-05-23/files/Outputs/moltbook/2026-05-18-013131-edt-codi-moltbook-reply-watcher.md
Outputs/moltbook/2026-05-18-020140-edt-agents-dm-check.headers.txt	1779084102	486	stale report	cleanup-staging/2026-05-23/files/Outputs/moltbook/2026-05-18-020140-edt-agents-dm-check.headers.txt
Outputs/moltbook/2026-05-18-020140-edt-agents-dm-check.json	1779084102	299	stale report	cleanup-staging/2026-05-23/files/Outputs/moltbook/2026-05-18-020140-edt-agents-dm-check.json
Outputs/moltbook/2026-05-18-020140-edt-agents-dm-conversations.headers.txt	1779084102	487	stale report	cleanup-staging/2026-05-23/files/Outputs/moltbook/2026-05-18-020140-edt-agents-dm-conversations.headers.txt
Outputs/moltbook/2026-05-18-020140-edt-agents-dm-conversations.json	1779084102	1171	stale report	cleanup-staging/2026-05-23/files/Outputs/moltbook/2026-05-18-020140-edt-agents-dm-conversations.json
Outputs/moltbook/2026-05-18-020140-edt-agents-dm-requests.headers.txt	1779084101	485	stale report	cleanup-staging/2026-05-23/files/Outputs/moltbook/2026-05-18-020140-edt-agents-dm-requests.headers.txt
Outputs/moltbook/2026-05-18-020140-edt-agents-dm-requests.json	1779084101	228	stale report	cleanup-staging/2026-05-23/files/Outputs/moltbook/2026-05-18-020140-edt-agents-dm-requests.json
Outputs/moltbook/2026-05-18-020140-edt-codi-moltbook-reply-watcher.md	1779084127	1866	stale watcher artifact	cleanup-staging/2026-05-23/files/Outputs/moltbook/2026-05-18-020140-edt-codi-moltbook-reply-watcher.md
Outputs/moltbook/2026-05-18-020140-edt-home.headers.txt	1779084101	487	stale report	cleanup-staging/2026-05-23/files/Outputs/moltbook/2026-05-18-020140-edt-home.headers.txt
Outputs/moltbook/2026-05-18-020140-edt-home.json	1779084101	2214	stale report	cleanup-staging/2026-05-23/files/Outputs/moltbook/2026-05-18-020140-edt-home.json
Outputs/moltbook/2026-05-18-020140-edt-notifications.headers.txt	1779084101	487	stale report	cleanup-staging/2026-05-23/files/Outputs/moltbook/2026-05-18-020140-edt-notifications.headers.txt
Outputs/moltbook/2026-05-18-020140-edt-notifications.json	1779084101	1088	stale report	cleanup-staging/2026-05-23/files/Outputs/moltbook/2026-05-18-020140-edt-notifications.json
Outputs/moltbook/2026-05-18-020140-edt-summary.json	1779084102	1894	stale report	cleanup-staging/2026-05-23/files/Outputs/moltbook/2026-05-18-020140-edt-summary.json
Outputs/moltbook/2026-05-18-0230-edt-agents-dm-check.headers.txt	1779085874	496	stale report	cleanup-staging/2026-05-23/files/Outputs/moltbook/2026-05-18-0230-edt-agents-dm-check.headers.txt
Outputs/moltbook/2026-05-18-0230-edt-agents-dm-check.json	1779085874	295	stale report	cleanup-staging/2026-05-23/files/Outputs/moltbook/2026-05-18-0230-edt-agents-dm-check.json
Outputs/moltbook/2026-05-18-0230-edt-agents-dm-conversations.headers.txt	1779085874	497	stale report	cleanup-staging/2026-05-23/files/Outputs/moltbook/2026-05-18-0230-edt-agents-dm-conversations.headers.txt
Outputs/moltbook/2026-05-18-0230-edt-agents-dm-conversations.json	1779085874	1171	stale report	cleanup-staging/2026-05-23/files/Outputs/moltbook/2026-05-18-0230-edt-agents-dm-conversations.json
Outputs/moltbook/2026-05-18-0230-edt-agents-dm-requests.headers.txt	1779085874	495	stale report	cleanup-staging/2026-05-23/files/Outputs/moltbook/2026-05-18-0230-edt-agents-dm-requests.headers.txt
Outputs/moltbook/2026-05-18-0230-edt-agents-dm-requests.json	1779085874	228	stale report	cleanup-staging/2026-05-23/files/Outputs/moltbook/2026-05-18-0230-edt-agents-dm-requests.json
Outputs/moltbook/2026-05-18-0230-edt-codi-moltbook-reply-watcher.md	1779085911	1860	stale watcher artifact	cleanup-staging/2026-05-23/files/Outputs/moltbook/2026-05-18-0230-edt-codi-moltbook-reply-watcher.md
Outputs/moltbook/2026-05-18-0230-edt-home.headers.txt	1779085873	497	stale report	cleanup-staging/2026-05-23/files/Outputs/moltbook/2026-05-18-0230-edt-home.headers.txt
Outputs/moltbook/2026-05-18-0230-edt-home.json	1779085873	2214	stale report	cleanup-staging/2026-05-23/files/Outputs/moltbook/2026-05-18-0230-edt-home.json
Outputs/moltbook/2026-05-18-0230-edt-notifications.headers.txt	1779085874	497	stale report	cleanup-staging/2026-05-23/files/Outputs/moltbook/2026-05-18-0230-edt-notifications.headers.txt
Outputs/moltbook/2026-05-18-0230-edt-notifications.json	1779085874	1088	stale report	cleanup-staging/2026-05-23/files/Outputs/moltbook/2026-05-18-0230-edt-notifications.json
Outputs/moltbook/2026-05-18-0230-edt-summary.json	1779085911	1538	stale report	cleanup-staging/2026-05-23/files/Outputs/moltbook/2026-05-18-0230-edt-summary.json
Outputs/moltbook/2026-05-18-0301-edt-codi-moltbook-reply-watcher.md	1779087946	1670	stale watcher artifact	cleanup-staging/2026-05-23/files/Outputs/moltbook/2026-05-18-0301-edt-codi-moltbook-reply-watcher.md
Outputs/moltbook/2026-05-18-033103-edt-agents-dm-check.json	1779089515	204	stale report	cleanup-staging/2026-05-23/files/Outputs/moltbook/2026-05-18-033103-edt-agents-dm-check.json
Outputs/moltbook/2026-05-18-033103-edt-agents-dm-conversations.json	1779089515	212	stale report	cleanup-staging/2026-05-23/files/Outputs/moltbook/2026-05-18-033103-edt-agents-dm-conversations.json
Outputs/moltbook/2026-05-18-033103-edt-agents-dm-requests.json	1779089515	207	stale report	cleanup-staging/2026-05-23/files/Outputs/moltbook/2026-05-18-033103-edt-agents-dm-requests.json
Outputs/moltbook/2026-05-18-033103-edt-codi-moltbook-reply-watcher.md	1779089551	1350	stale watcher artifact	cleanup-staging/2026-05-23/files/Outputs/moltbook/2026-05-18-033103-edt-codi-moltbook-reply-watcher.md
Outputs/moltbook/2026-05-18-033103-edt-home.json	1779089515	193	stale report	cleanup-staging/2026-05-23/files/Outputs/moltbook/2026-05-18-033103-edt-home.json
Outputs/moltbook/2026-05-18-033103-edt-notifications.json	1779089515	202	stale report	cleanup-staging/2026-05-23/files/Outputs/moltbook/2026-05-18-033103-edt-notifications.json
Outputs/moltbook/2026-05-18-040113-edt-agents-dm-check.headers.txt	1779091339	496	stale report	cleanup-staging/2026-05-23/files/Outputs/moltbook/2026-05-18-040113-edt-agents-dm-check.headers.txt
Outputs/moltbook/2026-05-18-040113-edt-agents-dm-check.json	1779091339	140	stale report	cleanup-staging/2026-05-23/files/Outputs/moltbook/2026-05-18-040113-edt-agents-dm-check.json
Outputs/moltbook/2026-05-18-040113-edt-agents-dm-requests.headers.txt	1779091294	415	stale report	cleanup-staging/2026-05-23/files/Outputs/moltbook/2026-05-18-040113-edt-agents-dm-requests.headers.txt
Outputs/moltbook/2026-05-18-040113-edt-agents-dm-requests.json	1779091294	143	stale report	cleanup-staging/2026-05-23/files/Outputs/moltbook/2026-05-18-040113-edt-agents-dm-requests.json
Outputs/moltbook/2026-05-18-040113-edt-codi-moltbook-reply-watcher.md	1779091379	1488	stale watcher artifact	cleanup-staging/2026-05-23/files/Outputs/moltbook/2026-05-18-040113-edt-codi-moltbook-reply-watcher.md
Outputs/moltbook/2026-05-18-040113-edt-home.headers.txt	1779091284	415	stale report	cleanup-staging/2026-05-23/files/Outputs/moltbook/2026-05-18-040113-edt-home.headers.txt
Outputs/moltbook/2026-05-18-040113-edt-home.json	1779091284	129	stale report	cleanup-staging/2026-05-23/files/Outputs/moltbook/2026-05-18-040113-edt-home.json
Outputs/moltbook/2026-05-18-040113-edt-notifications.headers.txt	1779091313	415	stale report	cleanup-staging/2026-05-23/files/Outputs/moltbook/2026-05-18-040113-edt-notifications.headers.txt
Outputs/moltbook/2026-05-18-040113-edt-notifications.json	1779091313	138	stale report	cleanup-staging/2026-05-23/files/Outputs/moltbook/2026-05-18-040113-edt-notifications.json
Outputs/moltbook/2026-05-18-040113-edt-summary.json	1779091339	1931	stale report	cleanup-staging/2026-05-23/files/Outputs/moltbook/2026-05-18-040113-edt-summary.json
Outputs/moltbook/2026-05-18-043053-edt-agents-dm-requests.headers.txt	1779093081	415	stale report	cleanup-staging/2026-05-23/files/Outputs/moltbook/2026-05-18-043053-edt-agents-dm-requests.headers.txt
Outputs/moltbook/2026-05-18-043053-edt-agents-dm-requests.json	1779093081	143	stale report	cleanup-staging/2026-05-23/files/Outputs/moltbook/2026-05-18-043053-edt-agents-dm-requests.json
Outputs/moltbook/2026-05-18-043053-edt-codi-moltbook-reply-watcher.md	1779093115	1850	stale watcher artifact	cleanup-staging/2026-05-23/files/Outputs/moltbook/2026-05-18-043053-edt-codi-moltbook-reply-watcher.md
Outputs/moltbook/2026-05-18-043053-edt-home.headers.txt	1779093071	415	stale report	cleanup-staging/2026-05-23/files/Outputs/moltbook/2026-05-18-043053-edt-home.headers.txt
Outputs/moltbook/2026-05-18-043053-edt-home.json	1779093071	129	stale report	cleanup-staging/2026-05-23/files/Outputs/moltbook/2026-05-18-043053-edt-home.json
Outputs/moltbook/2026-05-18-043053-edt-notifications.headers.txt	1779093091	415	stale report	cleanup-staging/2026-05-23/files/Outputs/moltbook/2026-05-18-043053-edt-notifications.headers.txt
Outputs/moltbook/2026-05-18-043053-edt-notifications.json	1779093091	138	stale report	cleanup-staging/2026-05-23/files/Outputs/moltbook/2026-05-18-043053-edt-notifications.json
Outputs/moltbook/2026-05-18-050116-edt-agents-dm-requests.headers.txt	1779094906	415	stale report	cleanup-staging/2026-05-23/files/Outputs/moltbook/2026-05-18-050116-edt-agents-dm-requests.headers.txt
Outputs/moltbook/2026-05-18-050116-edt-agents-dm-requests.json	1779094906	143	stale report	cleanup-staging/2026-05-23/files/Outputs/moltbook/2026-05-18-050116-edt-agents-dm-requests.json
Outputs/moltbook/2026-05-18-050116-edt-agents-dm-requests.status.txt	1779094906	4	stale report	cleanup-staging/2026-05-23/files/Outputs/moltbook/2026-05-18-050116-edt-agents-dm-requests.status.txt
Outputs/moltbook/2026-05-18-050116-edt-codi-moltbook-reply-watcher.md	1779094944	2052	stale watcher artifact	cleanup-staging/2026-05-23/files/Outputs/moltbook/2026-05-18-050116-edt-codi-moltbook-reply-watcher.md
Outputs/moltbook/2026-05-18-050116-edt-home.headers.txt	1779094896	415	stale report	cleanup-staging/2026-05-23/files/Outputs/moltbook/2026-05-18-050116-edt-home.headers.txt
Outputs/moltbook/2026-05-18-050116-edt-home.json	1779094896	129	stale report	cleanup-staging/2026-05-23/files/Outputs/moltbook/2026-05-18-050116-edt-home.json
Outputs/moltbook/2026-05-18-050116-edt-home.status.txt	1779094896	4	stale report	cleanup-staging/2026-05-23/files/Outputs/moltbook/2026-05-18-050116-edt-home.status.txt
Outputs/moltbook/2026-05-18-050116-edt-notifications.headers.txt	1779094916	415	stale report	cleanup-staging/2026-05-23/files/Outputs/moltbook/2026-05-18-050116-edt-notifications.headers.txt
Outputs/moltbook/2026-05-18-050116-edt-notifications.json	1779094916	138	stale report	cleanup-staging/2026-05-23/files/Outputs/moltbook/2026-05-18-050116-edt-notifications.json
Outputs/moltbook/2026-05-18-050116-edt-notifications.status.txt	1779094916	4	stale report	cleanup-staging/2026-05-23/files/Outputs/moltbook/2026-05-18-050116-edt-notifications.status.txt
Outputs/moltbook/2026-05-18-053055-edt-agents-dm-requests.headers.txt	1779096656	495	stale report	cleanup-staging/2026-05-23/files/Outputs/moltbook/2026-05-18-053055-edt-agents-dm-requests.headers.txt
Outputs/moltbook/2026-05-18-053055-edt-agents-dm-requests.json	1779096656	228	stale report	cleanup-staging/2026-05-23/files/Outputs/moltbook/2026-05-18-053055-edt-agents-dm-requests.json
Outputs/moltbook/2026-05-18-053055-edt-agents-dm-requests.status.txt	1779096656	4	stale report	cleanup-staging/2026-05-23/files/Outputs/moltbook/2026-05-18-053055-edt-agents-dm-requests.status.txt
Outputs/moltbook/2026-05-18-053055-edt-codi-moltbook-reply-watcher.md	1779096679	2250	stale watcher artifact	cleanup-staging/2026-05-23/files/Outputs/moltbook/2026-05-18-053055-edt-codi-moltbook-reply-watcher.md
Outputs/moltbook/2026-05-18-053055-edt-home.headers.txt	1779096656	497	stale report	cleanup-staging/2026-05-23/files/Outputs/moltbook/2026-05-18-053055-edt-home.headers.txt
Outputs/moltbook/2026-05-18-053055-edt-home.json	1779096656	2214	stale report	cleanup-staging/2026-05-23/files/Outputs/moltbook/2026-05-18-053055-edt-home.json
Outputs/moltbook/2026-05-18-053055-edt-home.status.txt	1779096656	4	stale report	cleanup-staging/2026-05-23/files/Outputs/moltbook/2026-05-18-053055-edt-home.status.txt
Outputs/moltbook/2026-05-18-053055-edt-notifications.headers.txt	1779096656	497	stale report	cleanup-staging/2026-05-23/files/Outputs/moltbook/2026-05-18-053055-edt-notifications.headers.txt
Outputs/moltbook/2026-05-18-053055-edt-notifications.json	1779096656	1073	stale report	cleanup-staging/2026-05-23/files/Outputs/moltbook/2026-05-18-053055-edt-notifications.json
Outputs/moltbook/2026-05-18-053055-edt-notifications.status.txt	1779096656	4	stale report	cleanup-staging/2026-05-23/files/Outputs/moltbook/2026-05-18-053055-edt-notifications.status.txt
Outputs/moltbook/2026-05-18-060159-edt-codi-moltbook-reply-watcher.md	1779098546	1879	stale watcher artifact	cleanup-staging/2026-05-23/files/Outputs/moltbook/2026-05-18-060159-edt-codi-moltbook-reply-watcher.md
Outputs/moltbook/2026-05-18-0630-edt-agents-dm-requests.headers.txt	1779100235	495	stale report	cleanup-staging/2026-05-23/files/Outputs/moltbook/2026-05-18-0630-edt-agents-dm-requests.headers.txt
Outputs/moltbook/2026-05-18-0630-edt-agents-dm-requests.json	1779100235	228	stale report	cleanup-staging/2026-05-23/files/Outputs/moltbook/2026-05-18-0630-edt-agents-dm-requests.json
Outputs/moltbook/2026-05-18-0630-edt-agents-dm-requests.status.txt	1779100235	3	stale report	cleanup-staging/2026-05-23/files/Outputs/moltbook/2026-05-18-0630-edt-agents-dm-requests.status.txt
Outputs/moltbook/2026-05-18-0630-edt-codi-moltbook-reply-watcher.md	1779100288	2221	stale watcher artifact	cleanup-staging/2026-05-23/files/Outputs/moltbook/2026-05-18-0630-edt-codi-moltbook-reply-watcher.md
Outputs/moltbook/2026-05-18-0630-edt-home.headers.txt	1779100235	497	stale report	cleanup-staging/2026-05-23/files/Outputs/moltbook/2026-05-18-0630-edt-home.headers.txt
Outputs/moltbook/2026-05-18-0630-edt-home.json	1779100235	2214	stale report	cleanup-staging/2026-05-23/files/Outputs/moltbook/2026-05-18-0630-edt-home.json
Outputs/moltbook/2026-05-18-0630-edt-home.status.txt	1779100235	3	stale report	cleanup-staging/2026-05-23/files/Outputs/moltbook/2026-05-18-0630-edt-home.status.txt
Outputs/moltbook/2026-05-18-0630-edt-notifications.headers.txt	1779100235	497	stale report	cleanup-staging/2026-05-23/files/Outputs/moltbook/2026-05-18-0630-edt-notifications.headers.txt
Outputs/moltbook/2026-05-18-0630-edt-notifications.json	1779100235	1083	stale report	cleanup-staging/2026-05-23/files/Outputs/moltbook/2026-05-18-0630-edt-notifications.json
Outputs/moltbook/2026-05-18-0630-edt-notifications.status.txt	1779100235	3	stale report	cleanup-staging/2026-05-23/files/Outputs/moltbook/2026-05-18-0630-edt-notifications.status.txt
Outputs/moltbook/2026-05-18-070053-edt-agents-dm-requests.headers.txt	1779102054	485	stale report	cleanup-staging/2026-05-23/files/Outputs/moltbook/2026-05-18-070053-edt-agents-dm-requests.headers.txt
Outputs/moltbook/2026-05-18-070053-edt-agents-dm-requests.json	1779102054	228	stale report	cleanup-staging/2026-05-23/files/Outputs/moltbook/2026-05-18-070053-edt-agents-dm-requests.json
Outputs/moltbook/2026-05-18-070053-edt-codi-moltbook-reply-watcher.md	1779102087	2420	stale watcher artifact	cleanup-staging/2026-05-23/files/Outputs/moltbook/2026-05-18-070053-edt-codi-moltbook-reply-watcher.md
Outputs/moltbook/2026-05-18-070053-edt-home.headers.txt	1779102054	487	stale report	cleanup-staging/2026-05-23/files/Outputs/moltbook/2026-05-18-070053-edt-home.headers.txt
Outputs/moltbook/2026-05-18-070053-edt-home.json	1779102054	2214	stale report	cleanup-staging/2026-05-23/files/Outputs/moltbook/2026-05-18-070053-edt-home.json
Outputs/moltbook/2026-05-18-070053-edt-notifications.headers.txt	1779102054	487	stale report	cleanup-staging/2026-05-23/files/Outputs/moltbook/2026-05-18-070053-edt-notifications.headers.txt
Outputs/moltbook/2026-05-18-070053-edt-notifications.json	1779102054	1087	stale report	cleanup-staging/2026-05-23/files/Outputs/moltbook/2026-05-18-070053-edt-notifications.json
Outputs/moltbook/2026-05-18-070053-edt-summary.json	1779102054	5695	stale report	cleanup-staging/2026-05-23/files/Outputs/moltbook/2026-05-18-070053-edt-summary.json
Outputs/moltbook/2026-05-18-073000-edt-agents-dm-requests.headers.txt	1779103910	408	stale report	cleanup-staging/2026-05-23/files/Outputs/moltbook/2026-05-18-073000-edt-agents-dm-requests.headers.txt
Outputs/moltbook/2026-05-18-073000-edt-agents-dm-requests.json	1779103910	143	stale report	cleanup-staging/2026-05-23/files/Outputs/moltbook/2026-05-18-073000-edt-agents-dm-requests.json
Outputs/moltbook/2026-05-18-073000-edt-agents-dm-requests.status.txt	1779103910	3	stale report	cleanup-staging/2026-05-23/files/Outputs/moltbook/2026-05-18-073000-edt-agents-dm-requests.status.txt
Outputs/moltbook/2026-05-18-073000-edt-codi-moltbook-reply-watcher.md	1779103920	850	stale watcher artifact	cleanup-staging/2026-05-23/files/Outputs/moltbook/2026-05-18-073000-edt-codi-moltbook-reply-watcher.md
Outputs/moltbook/2026-05-18-073000-edt-home.headers.txt	1779103900	408	stale report	cleanup-staging/2026-05-23/files/Outputs/moltbook/2026-05-18-073000-edt-home.headers.txt
Outputs/moltbook/2026-05-18-073000-edt-home.json	1779103900	129	stale report	cleanup-staging/2026-05-23/files/Outputs/moltbook/2026-05-18-073000-edt-home.json
Outputs/moltbook/2026-05-18-073000-edt-home.status.txt	1779103900	3	stale report	cleanup-staging/2026-05-23/files/Outputs/moltbook/2026-05-18-073000-edt-home.status.txt
Outputs/moltbook/2026-05-18-073000-edt-notifications.headers.txt	1779103920	408	stale report	cleanup-staging/2026-05-23/files/Outputs/moltbook/2026-05-18-073000-edt-notifications.headers.txt
Outputs/moltbook/2026-05-18-073000-edt-notifications.json	1779103920	138	stale report	cleanup-staging/2026-05-23/files/Outputs/moltbook/2026-05-18-073000-edt-notifications.json
Outputs/moltbook/2026-05-18-073000-edt-notifications.status.txt	1779103920	3	stale report	cleanup-staging/2026-05-23/files/Outputs/moltbook/2026-05-18-073000-edt-notifications.status.txt
Outputs/moltbook/2026-05-18-073000-edt-summary.json	1779103920	1698	stale report	cleanup-staging/2026-05-23/files/Outputs/moltbook/2026-05-18-073000-edt-summary.json
Outputs/moltbook/2026-05-18-080128-edt-agents-dm-requests.headers.txt	1779105709	409	stale report	cleanup-staging/2026-05-23/files/Outputs/moltbook/2026-05-18-080128-edt-agents-dm-requests.headers.txt
Outputs/moltbook/2026-05-18-080128-edt-agents-dm-requests.json	1779105709	143	stale report	cleanup-staging/2026-05-23/files/Outputs/moltbook/2026-05-18-080128-edt-agents-dm-requests.json
Outputs/moltbook/2026-05-18-080128-edt-codi-moltbook-reply-watcher.md	1779105719	1006	stale watcher artifact	cleanup-staging/2026-05-23/files/Outputs/moltbook/2026-05-18-080128-edt-codi-moltbook-reply-watcher.md
Outputs/moltbook/2026-05-18-080128-edt-home.headers.txt	1779105699	409	stale report	cleanup-staging/2026-05-23/files/Outputs/moltbook/2026-05-18-080128-edt-home.headers.txt
Outputs/moltbook/2026-05-18-080128-edt-home.json	1779105699	129	stale report	cleanup-staging/2026-05-23/files/Outputs/moltbook/2026-05-18-080128-edt-home.json
Outputs/moltbook/2026-05-18-080128-edt-notifications.headers.txt	1779105719	409	stale report	cleanup-staging/2026-05-23/files/Outputs/moltbook/2026-05-18-080128-edt-notifications.headers.txt
Outputs/moltbook/2026-05-18-080128-edt-notifications.json	1779105719	138	stale report	cleanup-staging/2026-05-23/files/Outputs/moltbook/2026-05-18-080128-edt-notifications.json
Outputs/moltbook/2026-05-18-083000-edt-agents-dm-requests.headers.txt	1779107485	415	stale report	cleanup-staging/2026-05-23/files/Outputs/moltbook/2026-05-18-083000-edt-agents-dm-requests.headers.txt
Outputs/moltbook/2026-05-18-083000-edt-agents-dm-requests.json	1779107485	143	stale report	cleanup-staging/2026-05-23/files/Outputs/moltbook/2026-05-18-083000-edt-agents-dm-requests.json
Outputs/moltbook/2026-05-18-083000-edt-agents-dm-requests.status.txt	1779107485	4	stale report	cleanup-staging/2026-05-23/files/Outputs/moltbook/2026-05-18-083000-edt-agents-dm-requests.status.txt
Outputs/moltbook/2026-05-18-083000-edt-codi-moltbook-reply-watcher.md	1779107514	2110	stale watcher artifact	cleanup-staging/2026-05-23/files/Outputs/moltbook/2026-05-18-083000-edt-codi-moltbook-reply-watcher.md
Outputs/moltbook/2026-05-18-083000-edt-home.headers.txt	1779107474	415	stale report	cleanup-staging/2026-05-23/files/Outputs/moltbook/2026-05-18-083000-edt-home.headers.txt
Outputs/moltbook/2026-05-18-083000-edt-home.json	1779107474	129	stale report	cleanup-staging/2026-05-23/files/Outputs/moltbook/2026-05-18-083000-edt-home.json
Outputs/moltbook/2026-05-18-083000-edt-home.status.txt	1779107474	4	stale report	cleanup-staging/2026-05-23/files/Outputs/moltbook/2026-05-18-083000-edt-home.status.txt
Outputs/moltbook/2026-05-18-083000-edt-notifications.headers.txt	1779107495	415	stale report	cleanup-staging/2026-05-23/files/Outputs/moltbook/2026-05-18-083000-edt-notifications.headers.txt
Outputs/moltbook/2026-05-18-083000-edt-notifications.json	1779107495	138	stale report	cleanup-staging/2026-05-23/files/Outputs/moltbook/2026-05-18-083000-edt-notifications.json
Outputs/moltbook/2026-05-18-083000-edt-notifications.status.txt	1779107495	4	stale report	cleanup-staging/2026-05-23/files/Outputs/moltbook/2026-05-18-083000-edt-notifications.status.txt
Outputs/moltbook/2026-05-18-0901-edt-agents-dm-requests.headers.txt	1779109397	415	stale report	cleanup-staging/2026-05-23/files/Outputs/moltbook/2026-05-18-0901-edt-agents-dm-requests.headers.txt
Outputs/moltbook/2026-05-18-0901-edt-agents-dm-requests.json	1779109397	143	stale report	cleanup-staging/2026-05-23/files/Outputs/moltbook/2026-05-18-0901-edt-agents-dm-requests.json
Outputs/moltbook/2026-05-18-0901-edt-agents-dm-requests.status.txt	1779109397	4	stale report	cleanup-staging/2026-05-23/files/Outputs/moltbook/2026-05-18-0901-edt-agents-dm-requests.status.txt
Outputs/moltbook/2026-05-18-0901-edt-codi-moltbook-reply-watcher.md	1779109428	2081	stale watcher artifact	cleanup-staging/2026-05-23/files/Outputs/moltbook/2026-05-18-0901-edt-codi-moltbook-reply-watcher.md
Outputs/moltbook/2026-05-18-0901-edt-home.headers.txt	1779109387	415	stale report	cleanup-staging/2026-05-23/files/Outputs/moltbook/2026-05-18-0901-edt-home.headers.txt
Outputs/moltbook/2026-05-18-0901-edt-home.json	1779109387	129	stale report	cleanup-staging/2026-05-23/files/Outputs/moltbook/2026-05-18-0901-edt-home.json
Outputs/moltbook/2026-05-18-0901-edt-home.status.txt	1779109387	4	stale report	cleanup-staging/2026-05-23/files/Outputs/moltbook/2026-05-18-0901-edt-home.status.txt
Outputs/moltbook/2026-05-18-0901-edt-notifications.headers.txt	1779109407	415	stale report	cleanup-staging/2026-05-23/files/Outputs/moltbook/2026-05-18-0901-edt-notifications.headers.txt
Outputs/moltbook/2026-05-18-0901-edt-notifications.json	1779109407	138	stale report	cleanup-staging/2026-05-23/files/Outputs/moltbook/2026-05-18-0901-edt-notifications.json
Outputs/moltbook/2026-05-18-0901-edt-notifications.status.txt	1779109407	4	stale report	cleanup-staging/2026-05-23/files/Outputs/moltbook/2026-05-18-0901-edt-notifications.status.txt
Outputs/moltbook/2026-05-18-093038-edt-home.status.txt	1779111039	0	stale report	cleanup-staging/2026-05-23/files/Outputs/moltbook/2026-05-18-093038-edt-home.status.txt
Outputs/moltbook/2026-05-18-093055-edt-agents-dm-requests.headers.txt	1779111075	408	stale report	cleanup-staging/2026-05-23/files/Outputs/moltbook/2026-05-18-093055-edt-agents-dm-requests.headers.txt
Outputs/moltbook/2026-05-18-093055-edt-agents-dm-requests.json	1779111075	143	stale report	cleanup-staging/2026-05-23/files/Outputs/moltbook/2026-05-18-093055-edt-agents-dm-requests.json
Outputs/moltbook/2026-05-18-093055-edt-agents-dm-requests.status.txt	1779111075	4	stale report	cleanup-staging/2026-05-23/files/Outputs/moltbook/2026-05-18-093055-edt-agents-dm-requests.status.txt
Outputs/moltbook/2026-05-18-093055-edt-codi-moltbook-reply-watcher.md	1779111107	2107	stale watcher artifact	cleanup-staging/2026-05-23/files/Outputs/moltbook/2026-05-18-093055-edt-codi-moltbook-reply-watcher.md
Outputs/moltbook/2026-05-18-093055-edt-home.headers.txt	1779111065	408	stale report	cleanup-staging/2026-05-23/files/Outputs/moltbook/2026-05-18-093055-edt-home.headers.txt
Outputs/moltbook/2026-05-18-093055-edt-home.json	1779111065	129	stale report	cleanup-staging/2026-05-23/files/Outputs/moltbook/2026-05-18-093055-edt-home.json
Outputs/moltbook/2026-05-18-093055-edt-home.status.txt	1779111065	4	stale report	cleanup-staging/2026-05-23/files/Outputs/moltbook/2026-05-18-093055-edt-home.status.txt
Outputs/moltbook/2026-05-18-093055-edt-notifications.headers.txt	1779111086	408	stale report	cleanup-staging/2026-05-23/files/Outputs/moltbook/2026-05-18-093055-edt-notifications.headers.txt
Outputs/moltbook/2026-05-18-093055-edt-notifications.json	1779111086	138	stale report	cleanup-staging/2026-05-23/files/Outputs/moltbook/2026-05-18-093055-edt-notifications.json
Outputs/moltbook/2026-05-18-093055-edt-notifications.status.txt	1779111086	4	stale report	cleanup-staging/2026-05-23/files/Outputs/moltbook/2026-05-18-093055-edt-notifications.status.txt
Outputs/moltbook/2026-05-18-100000-edt-agents-dm-requests.headers.txt	1779112868	415	stale report	cleanup-staging/2026-05-23/files/Outputs/moltbook/2026-05-18-100000-edt-agents-dm-requests.headers.txt
Outputs/moltbook/2026-05-18-100000-edt-agents-dm-requests.json	1779112868	143	stale report	cleanup-staging/2026-05-23/files/Outputs/moltbook/2026-05-18-100000-edt-agents-dm-requests.json
Outputs/moltbook/2026-05-18-100000-edt-codi-moltbook-reply-watcher.md	1779112899	1844	stale watcher artifact	cleanup-staging/2026-05-23/files/Outputs/moltbook/2026-05-18-100000-edt-codi-moltbook-reply-watcher.md
Outputs/moltbook/2026-05-18-100000-edt-home.headers.txt	1779112858	415	stale report	cleanup-staging/2026-05-23/files/Outputs/moltbook/2026-05-18-100000-edt-home.headers.txt
Outputs/moltbook/2026-05-18-100000-edt-home.json	1779112858	129	stale report	cleanup-staging/2026-05-23/files/Outputs/moltbook/2026-05-18-100000-edt-home.json
Outputs/moltbook/2026-05-18-100000-edt-notifications.headers.txt	1779112878	415	stale report	cleanup-staging/2026-05-23/files/Outputs/moltbook/2026-05-18-100000-edt-notifications.headers.txt
Outputs/moltbook/2026-05-18-100000-edt-notifications.json	1779112878	138	stale report	cleanup-staging/2026-05-23/files/Outputs/moltbook/2026-05-18-100000-edt-notifications.json
Outputs/moltbook/2026-05-18-1030-edt-codi-moltbook-reply-watcher.md	1779114724	1376	stale watcher artifact	cleanup-staging/2026-05-23/files/Outputs/moltbook/2026-05-18-1030-edt-codi-moltbook-reply-watcher.md
Outputs/moltbook/2026-05-18-110052-edt-agents-dm-requests.headers.txt	1779116473	415	stale report	cleanup-staging/2026-05-23/files/Outputs/moltbook/2026-05-18-110052-edt-agents-dm-requests.headers.txt
Outputs/moltbook/2026-05-18-110052-edt-agents-dm-requests.json	1779116473	143	stale report	cleanup-staging/2026-05-23/files/Outputs/moltbook/2026-05-18-110052-edt-agents-dm-requests.json
Outputs/moltbook/2026-05-18-110052-edt-agents-dm-requests.status.txt	1779116473	3	stale report	cleanup-staging/2026-05-23/files/Outputs/moltbook/2026-05-18-110052-edt-agents-dm-requests.status.txt
Outputs/moltbook/2026-05-18-110052-edt-codi-moltbook-reply-watcher.md	1779116524	1821	stale watcher artifact	cleanup-staging/2026-05-23/files/Outputs/moltbook/2026-05-18-110052-edt-codi-moltbook-reply-watcher.md
Outputs/moltbook/2026-05-18-110052-edt-home.headers.txt	1779116463	415	stale report	cleanup-staging/2026-05-23/files/Outputs/moltbook/2026-05-18-110052-edt-home.headers.txt
Outputs/moltbook/2026-05-18-110052-edt-home.json	1779116463	129	stale report	cleanup-staging/2026-05-23/files/Outputs/moltbook/2026-05-18-110052-edt-home.json
Outputs/moltbook/2026-05-18-110052-edt-home.status.txt	1779116463	3	stale report	cleanup-staging/2026-05-23/files/Outputs/moltbook/2026-05-18-110052-edt-home.status.txt
Outputs/moltbook/2026-05-18-110052-edt-notifications.headers.txt	1779116484	415	stale report	cleanup-staging/2026-05-23/files/Outputs/moltbook/2026-05-18-110052-edt-notifications.headers.txt
Outputs/moltbook/2026-05-18-110052-edt-notifications.json	1779116484	138	stale report	cleanup-staging/2026-05-23/files/Outputs/moltbook/2026-05-18-110052-edt-notifications.json
Outputs/moltbook/2026-05-18-110052-edt-notifications.status.txt	1779116484	3	stale report	cleanup-staging/2026-05-23/files/Outputs/moltbook/2026-05-18-110052-edt-notifications.status.txt
Outputs/moltbook/2026-05-18-113151-edt-agents-dm-requests.headers.txt	1779118332	415	stale report	cleanup-staging/2026-05-23/files/Outputs/moltbook/2026-05-18-113151-edt-agents-dm-requests.headers.txt
Outputs/moltbook/2026-05-18-113151-edt-agents-dm-requests.json	1779118332	143	stale report	cleanup-staging/2026-05-23/files/Outputs/moltbook/2026-05-18-113151-edt-agents-dm-requests.json
Outputs/moltbook/2026-05-18-113151-edt-agents-dm-requests.status.txt	1779118332	3	stale report	cleanup-staging/2026-05-23/files/Outputs/moltbook/2026-05-18-113151-edt-agents-dm-requests.status.txt
Outputs/moltbook/2026-05-18-113151-edt-codi-moltbook-reply-watcher.md	1779118362	1907	stale watcher artifact	cleanup-staging/2026-05-23/files/Outputs/moltbook/2026-05-18-113151-edt-codi-moltbook-reply-watcher.md
Outputs/moltbook/2026-05-18-113151-edt-home.headers.txt	1779118322	415	stale report	cleanup-staging/2026-05-23/files/Outputs/moltbook/2026-05-18-113151-edt-home.headers.txt
Outputs/moltbook/2026-05-18-113151-edt-home.json	1779118322	129	stale report	cleanup-staging/2026-05-23/files/Outputs/moltbook/2026-05-18-113151-edt-home.json
Outputs/moltbook/2026-05-18-113151-edt-home.status.txt	1779118322	3	stale report	cleanup-staging/2026-05-23/files/Outputs/moltbook/2026-05-18-113151-edt-home.status.txt
Outputs/moltbook/2026-05-18-113151-edt-notifications.headers.txt	1779118343	415	stale report	cleanup-staging/2026-05-23/files/Outputs/moltbook/2026-05-18-113151-edt-notifications.headers.txt
Outputs/moltbook/2026-05-18-113151-edt-notifications.json	1779118343	138	stale report	cleanup-staging/2026-05-23/files/Outputs/moltbook/2026-05-18-113151-edt-notifications.json
Outputs/moltbook/2026-05-18-113151-edt-notifications.status.txt	1779118343	3	stale report	cleanup-staging/2026-05-23/files/Outputs/moltbook/2026-05-18-113151-edt-notifications.status.txt
Outputs/moltbook/2026-05-18-1204-edt-agents-dm-requests.headers.txt	1779120328	415	stale report	cleanup-staging/2026-05-23/files/Outputs/moltbook/2026-05-18-1204-edt-agents-dm-requests.headers.txt
Outputs/moltbook/2026-05-18-1204-edt-agents-dm-requests.json	1779120328	143	stale report	cleanup-staging/2026-05-23/files/Outputs/moltbook/2026-05-18-1204-edt-agents-dm-requests.json
Outputs/moltbook/2026-05-18-1204-edt-agents-dm-requests.status.txt	1779120328	4	stale report	cleanup-staging/2026-05-23/files/Outputs/moltbook/2026-05-18-1204-edt-agents-dm-requests.status.txt
Outputs/moltbook/2026-05-18-1204-edt-codi-moltbook-reply-watcher.md	1779120358	1892	stale watcher artifact	cleanup-staging/2026-05-23/files/Outputs/moltbook/2026-05-18-1204-edt-codi-moltbook-reply-watcher.md
Outputs/moltbook/2026-05-18-1204-edt-home.headers.txt	1779120318	415	stale report	cleanup-staging/2026-05-23/files/Outputs/moltbook/2026-05-18-1204-edt-home.headers.txt
Outputs/moltbook/2026-05-18-1204-edt-home.json	1779120318	129	stale report	cleanup-staging/2026-05-23/files/Outputs/moltbook/2026-05-18-1204-edt-home.json
Outputs/moltbook/2026-05-18-1204-edt-home.status.txt	1779120318	4	stale report	cleanup-staging/2026-05-23/files/Outputs/moltbook/2026-05-18-1204-edt-home.status.txt
Outputs/moltbook/2026-05-18-1204-edt-notifications.headers.txt	1779120338	415	stale report	cleanup-staging/2026-05-23/files/Outputs/moltbook/2026-05-18-1204-edt-notifications.headers.txt
Outputs/moltbook/2026-05-18-1204-edt-notifications.json	1779120338	138	stale report	cleanup-staging/2026-05-23/files/Outputs/moltbook/2026-05-18-1204-edt-notifications.json
Outputs/moltbook/2026-05-18-1204-edt-notifications.status.txt	1779120338	4	stale report	cleanup-staging/2026-05-23/files/Outputs/moltbook/2026-05-18-1204-edt-notifications.status.txt
Outputs/moltbook/2026-05-18-1230-edt-agents-dm-requests.headers.txt	1779121884	415	stale report	cleanup-staging/2026-05-23/files/Outputs/moltbook/2026-05-18-1230-edt-agents-dm-requests.headers.txt
Outputs/moltbook/2026-05-18-1230-edt-agents-dm-requests.json	1779121884	143	stale report	cleanup-staging/2026-05-23/files/Outputs/moltbook/2026-05-18-1230-edt-agents-dm-requests.json
Outputs/moltbook/2026-05-18-1230-edt-codi-moltbook-reply-watcher.md	1779121934	2039	stale watcher artifact	cleanup-staging/2026-05-23/files/Outputs/moltbook/2026-05-18-1230-edt-codi-moltbook-reply-watcher.md
Outputs/moltbook/2026-05-18-1230-edt-home.headers.txt	1779121873	415	stale report	cleanup-staging/2026-05-23/files/Outputs/moltbook/2026-05-18-1230-edt-home.headers.txt
Outputs/moltbook/2026-05-18-1230-edt-home.json	1779121873	129	stale report	cleanup-staging/2026-05-23/files/Outputs/moltbook/2026-05-18-1230-edt-home.json
Outputs/moltbook/2026-05-18-1230-edt-notifications.headers.txt	1779121894	415	stale report	cleanup-staging/2026-05-23/files/Outputs/moltbook/2026-05-18-1230-edt-notifications.headers.txt
Outputs/moltbook/2026-05-18-1230-edt-notifications.json	1779121894	138	stale report	cleanup-staging/2026-05-23/files/Outputs/moltbook/2026-05-18-1230-edt-notifications.json
Outputs/moltbook/2026-05-18-130126-edt-codi-moltbook-reply-watcher.md	1779123742	2154	stale watcher artifact	cleanup-staging/2026-05-23/files/Outputs/moltbook/2026-05-18-130126-edt-codi-moltbook-reply-watcher.md
Outputs/moltbook/2026-05-18-133056-edt-codi-moltbook-reply-watcher.md	1779125502	1024	stale watcher artifact	cleanup-staging/2026-05-23/files/Outputs/moltbook/2026-05-18-133056-edt-codi-moltbook-reply-watcher.md
Outputs/moltbook/2026-05-18-140038-edt-agents-dm-requests.headers.txt	1779127259	415	stale report	cleanup-staging/2026-05-23/files/Outputs/moltbook/2026-05-18-140038-edt-agents-dm-requests.headers.txt
Outputs/moltbook/2026-05-18-140038-edt-agents-dm-requests.json	1779127259	143	stale report	cleanup-staging/2026-05-23/files/Outputs/moltbook/2026-05-18-140038-edt-agents-dm-requests.json
Outputs/moltbook/2026-05-18-140038-edt-agents-dm-requests.status.txt	1779127259	4	stale report	cleanup-staging/2026-05-23/files/Outputs/moltbook/2026-05-18-140038-edt-agents-dm-requests.status.txt
Outputs/moltbook/2026-05-18-140038-edt-codi-moltbook-reply-watcher.md	1779127305	1835	stale watcher artifact	cleanup-staging/2026-05-23/files/Outputs/moltbook/2026-05-18-140038-edt-codi-moltbook-reply-watcher.md
Outputs/moltbook/2026-05-18-140038-edt-home.headers.txt	1779127248	415	stale report	cleanup-staging/2026-05-23/files/Outputs/moltbook/2026-05-18-140038-edt-home.headers.txt
Outputs/moltbook/2026-05-18-140038-edt-home.json	1779127248	129	stale report	cleanup-staging/2026-05-23/files/Outputs/moltbook/2026-05-18-140038-edt-home.json
Outputs/moltbook/2026-05-18-140038-edt-home.status.txt	1779127248	4	stale report	cleanup-staging/2026-05-23/files/Outputs/moltbook/2026-05-18-140038-edt-home.status.txt
Outputs/moltbook/2026-05-18-140038-edt-notifications.headers.txt	1779127269	415	stale report	cleanup-staging/2026-05-23/files/Outputs/moltbook/2026-05-18-140038-edt-notifications.headers.txt
Outputs/moltbook/2026-05-18-140038-edt-notifications.json	1779127269	138	stale report	cleanup-staging/2026-05-23/files/Outputs/moltbook/2026-05-18-140038-edt-notifications.json
Outputs/moltbook/2026-05-18-140038-edt-notifications.status.txt	1779127269	4	stale report	cleanup-staging/2026-05-23/files/Outputs/moltbook/2026-05-18-140038-edt-notifications.status.txt
Outputs/moltbook/2026-05-18-143103-edt-agents-dm-requests.json	1779129084	143	stale report	cleanup-staging/2026-05-23/files/Outputs/moltbook/2026-05-18-143103-edt-agents-dm-requests.json
Outputs/moltbook/2026-05-18-143103-edt-agents-dm-requests.status.txt	1779129084	4	stale report	cleanup-staging/2026-05-23/files/Outputs/moltbook/2026-05-18-143103-edt-agents-dm-requests.status.txt
Outputs/moltbook/2026-05-18-143103-edt-codi-moltbook-reply-watcher.md	1779129119	1632	stale watcher artifact	cleanup-staging/2026-05-23/files/Outputs/moltbook/2026-05-18-143103-edt-codi-moltbook-reply-watcher.md
Outputs/moltbook/2026-05-18-143103-edt-home.json	1779129074	129	stale report	cleanup-staging/2026-05-23/files/Outputs/moltbook/2026-05-18-143103-edt-home.json
Outputs/moltbook/2026-05-18-143103-edt-home.status.txt	1779129074	4	stale report	cleanup-staging/2026-05-23/files/Outputs/moltbook/2026-05-18-143103-edt-home.status.txt
Outputs/moltbook/2026-05-18-143103-edt-notifications.json	1779129095	138	stale report	cleanup-staging/2026-05-23/files/Outputs/moltbook/2026-05-18-143103-edt-notifications.json
Outputs/moltbook/2026-05-18-143103-edt-notifications.status.txt	1779129095	4	stale report	cleanup-staging/2026-05-23/files/Outputs/moltbook/2026-05-18-143103-edt-notifications.status.txt
Outputs/moltbook/2026-05-18-1501-edt-agents-dm-requests.json	1779130959	143	stale report	cleanup-staging/2026-05-23/files/Outputs/moltbook/2026-05-18-1501-edt-agents-dm-requests.json
Outputs/moltbook/2026-05-18-1501-edt-agents-dm-requests.status.txt	1779130959	4	stale report	cleanup-staging/2026-05-23/files/Outputs/moltbook/2026-05-18-1501-edt-agents-dm-requests.status.txt
Outputs/moltbook/2026-05-18-1501-edt-codi-moltbook-reply-watcher.md	1779131006	1612	stale watcher artifact	cleanup-staging/2026-05-23/files/Outputs/moltbook/2026-05-18-1501-edt-codi-moltbook-reply-watcher.md
Outputs/moltbook/2026-05-18-1501-edt-home.json	1779130949	129	stale report	cleanup-staging/2026-05-23/files/Outputs/moltbook/2026-05-18-1501-edt-home.json
Outputs/moltbook/2026-05-18-1501-edt-home.status.txt	1779130949	4	stale report	cleanup-staging/2026-05-23/files/Outputs/moltbook/2026-05-18-1501-edt-home.status.txt
Outputs/moltbook/2026-05-18-1501-edt-notifications.json	1779130970	138	stale report	cleanup-staging/2026-05-23/files/Outputs/moltbook/2026-05-18-1501-edt-notifications.json
Outputs/moltbook/2026-05-18-1501-edt-notifications.status.txt	1779130970	4	stale report	cleanup-staging/2026-05-23/files/Outputs/moltbook/2026-05-18-1501-edt-notifications.status.txt
Outputs/moltbook/2026-05-18-153143-edt-agents-dm-requests.headers.txt	1779132724	401	stale report	cleanup-staging/2026-05-23/files/Outputs/moltbook/2026-05-18-153143-edt-agents-dm-requests.headers.txt
Outputs/moltbook/2026-05-18-153143-edt-agents-dm-requests.json	1779132724	143	stale report	cleanup-staging/2026-05-23/files/Outputs/moltbook/2026-05-18-153143-edt-agents-dm-requests.json
Outputs/moltbook/2026-05-18-153143-edt-codi-moltbook-reply-watcher.md	1779132744	1508	stale watcher artifact	cleanup-staging/2026-05-23/files/Outputs/moltbook/2026-05-18-153143-edt-codi-moltbook-reply-watcher.md
Outputs/moltbook/2026-05-18-153143-edt-home.headers.txt	1779132714	401	stale report	cleanup-staging/2026-05-23/files/Outputs/moltbook/2026-05-18-153143-edt-home.headers.txt
Outputs/moltbook/2026-05-18-153143-edt-home.json	1779132714	129	stale report	cleanup-staging/2026-05-23/files/Outputs/moltbook/2026-05-18-153143-edt-home.json
Outputs/moltbook/2026-05-18-153143-edt-notifications.headers.txt	1779132744	401	stale report	cleanup-staging/2026-05-23/files/Outputs/moltbook/2026-05-18-153143-edt-notifications.headers.txt
Outputs/moltbook/2026-05-18-153143-edt-notifications.json	1779132744	138	stale report	cleanup-staging/2026-05-23/files/Outputs/moltbook/2026-05-18-153143-edt-notifications.json
Outputs/moltbook/2026-05-18-1600-edt-agents-dm-requests.headers.txt	1779134487	415	stale report	cleanup-staging/2026-05-23/files/Outputs/moltbook/2026-05-18-1600-edt-agents-dm-requests.headers.txt
Outputs/moltbook/2026-05-18-1600-edt-agents-dm-requests.json	1779134487	143	stale report	cleanup-staging/2026-05-23/files/Outputs/moltbook/2026-05-18-1600-edt-agents-dm-requests.json
Outputs/moltbook/2026-05-18-1600-edt-codi-moltbook-reply-watcher.md	1779134528	1764	stale watcher artifact	cleanup-staging/2026-05-23/files/Outputs/moltbook/2026-05-18-1600-edt-codi-moltbook-reply-watcher.md
Outputs/moltbook/2026-05-18-1600-edt-home.headers.txt	1779134476	415	stale report	cleanup-staging/2026-05-23/files/Outputs/moltbook/2026-05-18-1600-edt-home.headers.txt
Outputs/moltbook/2026-05-18-1600-edt-home.json	1779134476	129	stale report	cleanup-staging/2026-05-23/files/Outputs/moltbook/2026-05-18-1600-edt-home.json
Outputs/moltbook/2026-05-18-1600-edt-notifications.headers.txt	1779134497	415	stale report	cleanup-staging/2026-05-23/files/Outputs/moltbook/2026-05-18-1600-edt-notifications.headers.txt
Outputs/moltbook/2026-05-18-1600-edt-notifications.json	1779134497	138	stale report	cleanup-staging/2026-05-23/files/Outputs/moltbook/2026-05-18-1600-edt-notifications.json
Outputs/moltbook/2026-05-18-1600-edt-summary.json	1779134497	823	stale report	cleanup-staging/2026-05-23/files/Outputs/moltbook/2026-05-18-1600-edt-summary.json
Outputs/moltbook/2026-05-18-163030-edt-codi-moltbook-reply-watcher.md	1779136315	1674	stale watcher artifact	cleanup-staging/2026-05-23/files/Outputs/moltbook/2026-05-18-163030-edt-codi-moltbook-reply-watcher.md
Outputs/moltbook/2026-05-18-1700-edt-agents-dm-requests.headers.txt	1779138074	409	stale report	cleanup-staging/2026-05-23/files/Outputs/moltbook/2026-05-18-1700-edt-agents-dm-requests.headers.txt
Outputs/moltbook/2026-05-18-1700-edt-agents-dm-requests.json	1779138074	143	stale report	cleanup-staging/2026-05-23/files/Outputs/moltbook/2026-05-18-1700-edt-agents-dm-requests.json
Outputs/moltbook/2026-05-18-1700-edt-agents-dm-requests.status.txt	1779138074	4	stale report	cleanup-staging/2026-05-23/files/Outputs/moltbook/2026-05-18-1700-edt-agents-dm-requests.status.txt
Outputs/moltbook/2026-05-18-1700-edt-codi-moltbook-reply-watcher.md	1779138117	1764	stale watcher artifact	cleanup-staging/2026-05-23/files/Outputs/moltbook/2026-05-18-1700-edt-codi-moltbook-reply-watcher.md
Outputs/moltbook/2026-05-18-1700-edt-home.headers.txt	1779138064	409	stale report	cleanup-staging/2026-05-23/files/Outputs/moltbook/2026-05-18-1700-edt-home.headers.txt
Outputs/moltbook/2026-05-18-1700-edt-home.json	1779138064	129	stale report	cleanup-staging/2026-05-23/files/Outputs/moltbook/2026-05-18-1700-edt-home.json
Outputs/moltbook/2026-05-18-1700-edt-home.status.txt	1779138064	4	stale report	cleanup-staging/2026-05-23/files/Outputs/moltbook/2026-05-18-1700-edt-home.status.txt
Outputs/moltbook/2026-05-18-1700-edt-notifications.headers.txt	1779138085	409	stale report	cleanup-staging/2026-05-23/files/Outputs/moltbook/2026-05-18-1700-edt-notifications.headers.txt
Outputs/moltbook/2026-05-18-1700-edt-notifications.json	1779138085	138	stale report	cleanup-staging/2026-05-23/files/Outputs/moltbook/2026-05-18-1700-edt-notifications.json
Outputs/moltbook/2026-05-18-1700-edt-notifications.status.txt	1779138085	4	stale report	cleanup-staging/2026-05-23/files/Outputs/moltbook/2026-05-18-1700-edt-notifications.status.txt
Outputs/moltbook/2026-05-18-1700-edt-summary.json	1779138085	1534	stale report	cleanup-staging/2026-05-23/files/Outputs/moltbook/2026-05-18-1700-edt-summary.json
Outputs/moltbook/2026-05-18-173127-edt-agents-dm-requests.headers.txt	1779139912	409	stale report	cleanup-staging/2026-05-23/files/Outputs/moltbook/2026-05-18-173127-edt-agents-dm-requests.headers.txt
Outputs/moltbook/2026-05-18-173127-edt-agents-dm-requests.json	1779139912	143	stale report	cleanup-staging/2026-05-23/files/Outputs/moltbook/2026-05-18-173127-edt-agents-dm-requests.json
Outputs/moltbook/2026-05-18-173127-edt-agents-dm-requests.status.txt	1779139912	3	stale report	cleanup-staging/2026-05-23/files/Outputs/moltbook/2026-05-18-173127-edt-agents-dm-requests.status.txt
Outputs/moltbook/2026-05-18-173127-edt-codi-moltbook-reply-watcher.md	1779139933	1496	stale watcher artifact	cleanup-staging/2026-05-23/files/Outputs/moltbook/2026-05-18-173127-edt-codi-moltbook-reply-watcher.md
Outputs/moltbook/2026-05-18-173127-edt-home.headers.txt	1779139900	409	stale report	cleanup-staging/2026-05-23/files/Outputs/moltbook/2026-05-18-173127-edt-home.headers.txt
Outputs/moltbook/2026-05-18-173127-edt-home.json	1779139900	129	stale report	cleanup-staging/2026-05-23/files/Outputs/moltbook/2026-05-18-173127-edt-home.json
Outputs/moltbook/2026-05-18-173127-edt-home.status.txt	1779139900	3	stale report	cleanup-staging/2026-05-23/files/Outputs/moltbook/2026-05-18-173127-edt-home.status.txt
Outputs/moltbook/2026-05-18-173127-edt-notifications.headers.txt	1779139922	409	stale report	cleanup-staging/2026-05-23/files/Outputs/moltbook/2026-05-18-173127-edt-notifications.headers.txt
Outputs/moltbook/2026-05-18-173127-edt-notifications.json	1779139922	138	stale report	cleanup-staging/2026-05-23/files/Outputs/moltbook/2026-05-18-173127-edt-notifications.json
Outputs/moltbook/2026-05-18-173127-edt-notifications.status.txt	1779139922	3	stale report	cleanup-staging/2026-05-23/files/Outputs/moltbook/2026-05-18-173127-edt-notifications.status.txt
Outputs/moltbook/2026-05-18-180254-edt-agents-dm-check.headers.txt	1779141816	408	stale report	cleanup-staging/2026-05-23/files/Outputs/moltbook/2026-05-18-180254-edt-agents-dm-check.headers.txt
Outputs/moltbook/2026-05-18-180254-edt-agents-dm-check.json	1779141816	140	stale report	cleanup-staging/2026-05-23/files/Outputs/moltbook/2026-05-18-180254-edt-agents-dm-check.json
Outputs/moltbook/2026-05-18-180254-edt-agents-dm-check.status.txt	1779141816	4	stale report	cleanup-staging/2026-05-23/files/Outputs/moltbook/2026-05-18-180254-edt-agents-dm-check.status.txt
Outputs/moltbook/2026-05-18-180254-edt-agents-dm-conversations.headers.txt	1779141826	408	stale report	cleanup-staging/2026-05-23/files/Outputs/moltbook/2026-05-18-180254-edt-agents-dm-conversations.headers.txt
Outputs/moltbook/2026-05-18-180254-edt-agents-dm-conversations.json	1779141826	148	stale report	cleanup-staging/2026-05-23/files/Outputs/moltbook/2026-05-18-180254-edt-agents-dm-conversations.json
Outputs/moltbook/2026-05-18-180254-edt-agents-dm-conversations.status.txt	1779141826	4	stale report	cleanup-staging/2026-05-23/files/Outputs/moltbook/2026-05-18-180254-edt-agents-dm-conversations.status.txt
Outputs/moltbook/2026-05-18-180254-edt-agents-dm-requests.headers.txt	1779141795	408	stale report	cleanup-staging/2026-05-23/files/Outputs/moltbook/2026-05-18-180254-edt-agents-dm-requests.headers.txt
Outputs/moltbook/2026-05-18-180254-edt-agents-dm-requests.json	1779141795	143	stale report	cleanup-staging/2026-05-23/files/Outputs/moltbook/2026-05-18-180254-edt-agents-dm-requests.json
Outputs/moltbook/2026-05-18-180254-edt-agents-dm-requests.status.txt	1779141795	4	stale report	cleanup-staging/2026-05-23/files/Outputs/moltbook/2026-05-18-180254-edt-agents-dm-requests.status.txt
Outputs/moltbook/2026-05-18-180254-edt-codi-moltbook-reply-watcher.md	1779141869	1806	stale watcher artifact	cleanup-staging/2026-05-23/files/Outputs/moltbook/2026-05-18-180254-edt-codi-moltbook-reply-watcher.md
Outputs/moltbook/2026-05-18-180254-edt-home.headers.txt	1779141785	408	stale report	cleanup-staging/2026-05-23/files/Outputs/moltbook/2026-05-18-180254-edt-home.headers.txt
Outputs/moltbook/2026-05-18-180254-edt-home.json	1779141785	129	stale report	cleanup-staging/2026-05-23/files/Outputs/moltbook/2026-05-18-180254-edt-home.json
Outputs/moltbook/2026-05-18-180254-edt-home.status.txt	1779141785	4	stale report	cleanup-staging/2026-05-23/files/Outputs/moltbook/2026-05-18-180254-edt-home.status.txt
Outputs/moltbook/2026-05-18-180254-edt-notifications.headers.txt	1779141805	408	stale report	cleanup-staging/2026-05-23/files/Outputs/moltbook/2026-05-18-180254-edt-notifications.headers.txt
Outputs/moltbook/2026-05-18-180254-edt-notifications.json	1779141805	138	stale report	cleanup-staging/2026-05-23/files/Outputs/moltbook/2026-05-18-180254-edt-notifications.json
Outputs/moltbook/2026-05-18-180254-edt-notifications.status.txt	1779141805	4	stale report	cleanup-staging/2026-05-23/files/Outputs/moltbook/2026-05-18-180254-edt-notifications.status.txt
Outputs/moltbook/2026-05-18-180254-edt-summary.json	1779141826	2068	stale report	cleanup-staging/2026-05-23/files/Outputs/moltbook/2026-05-18-180254-edt-summary.json
Outputs/moltbook/2026-05-18-183000-edt-agents-dm-requests.headers.txt	1779143497	408	stale report	cleanup-staging/2026-05-23/files/Outputs/moltbook/2026-05-18-183000-edt-agents-dm-requests.headers.txt
Outputs/moltbook/2026-05-18-183000-edt-agents-dm-requests.json	1779143497	143	stale report	cleanup-staging/2026-05-23/files/Outputs/moltbook/2026-05-18-183000-edt-agents-dm-requests.json
Outputs/moltbook/2026-05-18-183000-edt-agents-dm-requests.status.txt	1779143497	4	stale report	cleanup-staging/2026-05-23/files/Outputs/moltbook/2026-05-18-183000-edt-agents-dm-requests.status.txt
Outputs/moltbook/2026-05-18-183000-edt-codi-moltbook-reply-watcher.md	1779143517	1513	stale watcher artifact	cleanup-staging/2026-05-23/files/Outputs/moltbook/2026-05-18-183000-edt-codi-moltbook-reply-watcher.md
Outputs/moltbook/2026-05-18-183000-edt-home.headers.txt	1779143487	408	stale report	cleanup-staging/2026-05-23/files/Outputs/moltbook/2026-05-18-183000-edt-home.headers.txt
Outputs/moltbook/2026-05-18-183000-edt-home.json	1779143487	129	stale report	cleanup-staging/2026-05-23/files/Outputs/moltbook/2026-05-18-183000-edt-home.json
Outputs/moltbook/2026-05-18-183000-edt-home.status.txt	1779143487	4	stale report	cleanup-staging/2026-05-23/files/Outputs/moltbook/2026-05-18-183000-edt-home.status.txt
Outputs/moltbook/2026-05-18-183000-edt-notifications.headers.txt	1779143507	408	stale report	cleanup-staging/2026-05-23/files/Outputs/moltbook/2026-05-18-183000-edt-notifications.headers.txt
Outputs/moltbook/2026-05-18-183000-edt-notifications.json	1779143507	138	stale report	cleanup-staging/2026-05-23/files/Outputs/moltbook/2026-05-18-183000-edt-notifications.json
Outputs/moltbook/2026-05-18-183000-edt-notifications.status.txt	1779143507	4	stale report	cleanup-staging/2026-05-23/files/Outputs/moltbook/2026-05-18-183000-edt-notifications.status.txt
Outputs/moltbook/2026-05-18-183000-edt-summary.json	1779143507	838	stale report	cleanup-staging/2026-05-23/files/Outputs/moltbook/2026-05-18-183000-edt-summary.json
Outputs/moltbook/2026-05-18-193000-edt-agents-dm-requests.headers.txt	1779147084	495	stale report	cleanup-staging/2026-05-23/files/Outputs/moltbook/2026-05-18-193000-edt-agents-dm-requests.headers.txt
Outputs/moltbook/2026-05-18-193000-edt-agents-dm-requests.json	1779147084	228	stale report	cleanup-staging/2026-05-23/files/Outputs/moltbook/2026-05-18-193000-edt-agents-dm-requests.json
Outputs/moltbook/2026-05-18-193000-edt-agents-dm-requests.status.txt	1779147084	4	stale report	cleanup-staging/2026-05-23/files/Outputs/moltbook/2026-05-18-193000-edt-agents-dm-requests.status.txt
Outputs/moltbook/2026-05-18-193000-edt-codi-moltbook-reply-watcher.md	1779147097	1551	stale watcher artifact	cleanup-staging/2026-05-23/files/Outputs/moltbook/2026-05-18-193000-edt-codi-moltbook-reply-watcher.md
Outputs/moltbook/2026-05-18-193000-edt-home.headers.txt	1779147084	497	stale report	cleanup-staging/2026-05-23/files/Outputs/moltbook/2026-05-18-193000-edt-home.headers.txt
Outputs/moltbook/2026-05-18-193000-edt-home.json	1779147084	2214	stale report	cleanup-staging/2026-05-23/files/Outputs/moltbook/2026-05-18-193000-edt-home.json
Outputs/moltbook/2026-05-18-193000-edt-home.status.txt	1779147084	4	stale report	cleanup-staging/2026-05-23/files/Outputs/moltbook/2026-05-18-193000-edt-home.status.txt
Outputs/moltbook/2026-05-18-193000-edt-notifications.headers.txt	1779147085	497	stale report	cleanup-staging/2026-05-23/files/Outputs/moltbook/2026-05-18-193000-edt-notifications.headers.txt
Outputs/moltbook/2026-05-18-193000-edt-notifications.json	1779147085	1083	stale report	cleanup-staging/2026-05-23/files/Outputs/moltbook/2026-05-18-193000-edt-notifications.json
Outputs/moltbook/2026-05-18-193000-edt-notifications.status.txt	1779147085	4	stale report	cleanup-staging/2026-05-23/files/Outputs/moltbook/2026-05-18-193000-edt-notifications.status.txt
Outputs/moltbook/2026-05-18-193000-edt-summary.json	1779147085	6859	stale report	cleanup-staging/2026-05-23/files/Outputs/moltbook/2026-05-18-193000-edt-summary.json
Outputs/moltbook/2026-05-18-200000-edt-codi-moltbook-reply-watcher.md	1779148964	1662	stale watcher artifact	cleanup-staging/2026-05-23/files/Outputs/moltbook/2026-05-18-200000-edt-codi-moltbook-reply-watcher.md
Outputs/moltbook/2026-05-18-203111-edt-agents-dm-requests.json	1779150672	228	stale report	cleanup-staging/2026-05-23/files/Outputs/moltbook/2026-05-18-203111-edt-agents-dm-requests.json
Outputs/moltbook/2026-05-18-203111-edt-agents-dm-requests.status.txt	1779150672	3	stale report	cleanup-staging/2026-05-23/files/Outputs/moltbook/2026-05-18-203111-edt-agents-dm-requests.status.txt
Outputs/moltbook/2026-05-18-203111-edt-codi-moltbook-reply-watcher.md	1779150687	1551	stale watcher artifact	cleanup-staging/2026-05-23/files/Outputs/moltbook/2026-05-18-203111-edt-codi-moltbook-reply-watcher.md
Outputs/moltbook/2026-05-18-203111-edt-home.json	1779150672	2214	stale report	cleanup-staging/2026-05-23/files/Outputs/moltbook/2026-05-18-203111-edt-home.json
Outputs/moltbook/2026-05-18-203111-edt-home.status.txt	1779150672	3	stale report	cleanup-staging/2026-05-23/files/Outputs/moltbook/2026-05-18-203111-edt-home.status.txt
Outputs/moltbook/2026-05-18-203111-edt-notifications.json	1779150672	1087	stale report	cleanup-staging/2026-05-23/files/Outputs/moltbook/2026-05-18-203111-edt-notifications.json
Outputs/moltbook/2026-05-18-203111-edt-notifications.status.txt	1779150672	3	stale report	cleanup-staging/2026-05-23/files/Outputs/moltbook/2026-05-18-203111-edt-notifications.status.txt
Outputs/moltbook/2026-05-18-203111-edt-summary.json	1779150672	978	stale report	cleanup-staging/2026-05-23/files/Outputs/moltbook/2026-05-18-203111-edt-summary.json
Outputs/moltbook/2026-05-18-210228-edt-codi-moltbook-reply-watcher.md	1779152570	7794	stale watcher artifact	cleanup-staging/2026-05-23/files/Outputs/moltbook/2026-05-18-210228-edt-codi-moltbook-reply-watcher.md
Outputs/moltbook/2026-05-18-213034-edt-home.status.txt	1779154234	0	stale report	cleanup-staging/2026-05-23/files/Outputs/moltbook/2026-05-18-213034-edt-home.status.txt
Outputs/moltbook/2026-05-18-213052-edt-home.headers.txt	1779154253	497	stale report	cleanup-staging/2026-05-23/files/Outputs/moltbook/2026-05-18-213052-edt-home.headers.txt
Outputs/moltbook/2026-05-18-213052-edt-home.json	1779154253	2214	stale report	cleanup-staging/2026-05-23/files/Outputs/moltbook/2026-05-18-213052-edt-home.json
Outputs/moltbook/2026-05-18-213052-edt-home.status.txt	1779154253	3	stale report	cleanup-staging/2026-05-23/files/Outputs/moltbook/2026-05-18-213052-edt-home.status.txt
Outputs/moltbook/2026-05-18-213104-edt-agents-dm-requests.headers.txt	1779154266	495	stale report	cleanup-staging/2026-05-23/files/Outputs/moltbook/2026-05-18-213104-edt-agents-dm-requests.headers.txt
Outputs/moltbook/2026-05-18-213104-edt-agents-dm-requests.json	1779154266	228	stale report	cleanup-staging/2026-05-23/files/Outputs/moltbook/2026-05-18-213104-edt-agents-dm-requests.json
Outputs/moltbook/2026-05-18-213104-edt-agents-dm-requests.status.txt	1779154266	3	stale report	cleanup-staging/2026-05-23/files/Outputs/moltbook/2026-05-18-213104-edt-agents-dm-requests.status.txt
Outputs/moltbook/2026-05-18-213104-edt-codi-moltbook-reply-watcher.md	1779154290	2073	stale watcher artifact	cleanup-staging/2026-05-23/files/Outputs/moltbook/2026-05-18-213104-edt-codi-moltbook-reply-watcher.md
Outputs/moltbook/2026-05-18-213104-edt-home.headers.txt	1779154265	497	stale report	cleanup-staging/2026-05-23/files/Outputs/moltbook/2026-05-18-213104-edt-home.headers.txt
Outputs/moltbook/2026-05-18-213104-edt-home.json	1779154265	2214	stale report	cleanup-staging/2026-05-23/files/Outputs/moltbook/2026-05-18-213104-edt-home.json
Outputs/moltbook/2026-05-18-213104-edt-home.status.txt	1779154265	3	stale report	cleanup-staging/2026-05-23/files/Outputs/moltbook/2026-05-18-213104-edt-home.status.txt
Outputs/moltbook/2026-05-18-213104-edt-notifications.headers.txt	1779154266	497	stale report	cleanup-staging/2026-05-23/files/Outputs/moltbook/2026-05-18-213104-edt-notifications.headers.txt
Outputs/moltbook/2026-05-18-213104-edt-notifications.json	1779154266	1087	stale report	cleanup-staging/2026-05-23/files/Outputs/moltbook/2026-05-18-213104-edt-notifications.json
Outputs/moltbook/2026-05-18-213104-edt-notifications.status.txt	1779154266	3	stale report	cleanup-staging/2026-05-23/files/Outputs/moltbook/2026-05-18-213104-edt-notifications.status.txt
Outputs/moltbook/2026-05-18-220000-edt-agents-dm-requests.headers.txt	1779156076	415	stale report	cleanup-staging/2026-05-23/files/Outputs/moltbook/2026-05-18-220000-edt-agents-dm-requests.headers.txt
Outputs/moltbook/2026-05-18-220000-edt-agents-dm-requests.json	1779156076	143	stale report	cleanup-staging/2026-05-23/files/Outputs/moltbook/2026-05-18-220000-edt-agents-dm-requests.json
Outputs/moltbook/2026-05-18-220000-edt-agents-dm-requests.status.txt	1779156076	4	stale report	cleanup-staging/2026-05-23/files/Outputs/moltbook/2026-05-18-220000-edt-agents-dm-requests.status.txt
Outputs/moltbook/2026-05-18-220000-edt-codi-moltbook-reply-watcher.md	1779156106	1970	stale watcher artifact	cleanup-staging/2026-05-23/files/Outputs/moltbook/2026-05-18-220000-edt-codi-moltbook-reply-watcher.md
Outputs/moltbook/2026-05-18-220000-edt-home.headers.txt	1779156066	415	stale report	cleanup-staging/2026-05-23/files/Outputs/moltbook/2026-05-18-220000-edt-home.headers.txt
Outputs/moltbook/2026-05-18-220000-edt-home.json	1779156066	129	stale report	cleanup-staging/2026-05-23/files/Outputs/moltbook/2026-05-18-220000-edt-home.json
Outputs/moltbook/2026-05-18-220000-edt-home.status.txt	1779156066	4	stale report	cleanup-staging/2026-05-23/files/Outputs/moltbook/2026-05-18-220000-edt-home.status.txt
Outputs/moltbook/2026-05-18-220000-edt-notifications.headers.txt	1779156086	415	stale report	cleanup-staging/2026-05-23/files/Outputs/moltbook/2026-05-18-220000-edt-notifications.headers.txt
Outputs/moltbook/2026-05-18-220000-edt-notifications.json	1779156086	138	stale report	cleanup-staging/2026-05-23/files/Outputs/moltbook/2026-05-18-220000-edt-notifications.json
Outputs/moltbook/2026-05-18-220000-edt-notifications.status.txt	1779156086	4	stale report	cleanup-staging/2026-05-23/files/Outputs/moltbook/2026-05-18-220000-edt-notifications.status.txt
Outputs/moltbook/2026-05-18-2230-edt-agents-dm-requests.headers.txt	1779157889	415	stale report	cleanup-staging/2026-05-23/files/Outputs/moltbook/2026-05-18-2230-edt-agents-dm-requests.headers.txt
Outputs/moltbook/2026-05-18-2230-edt-agents-dm-requests.json	1779157889	143	stale report	cleanup-staging/2026-05-23/files/Outputs/moltbook/2026-05-18-2230-edt-agents-dm-requests.json
Outputs/moltbook/2026-05-18-2230-edt-agents-dm-requests.status.txt	1779157889	4	stale report	cleanup-staging/2026-05-23/files/Outputs/moltbook/2026-05-18-2230-edt-agents-dm-requests.status.txt
Outputs/moltbook/2026-05-18-2230-edt-codi-moltbook-reply-watcher.md	1779157924	1950	stale watcher artifact	cleanup-staging/2026-05-23/files/Outputs/moltbook/2026-05-18-2230-edt-codi-moltbook-reply-watcher.md
Outputs/moltbook/2026-05-18-2230-edt-home.headers.txt	1779157879	415	stale report	cleanup-staging/2026-05-23/files/Outputs/moltbook/2026-05-18-2230-edt-home.headers.txt
Outputs/moltbook/2026-05-18-2230-edt-home.json	1779157879	129	stale report	cleanup-staging/2026-05-23/files/Outputs/moltbook/2026-05-18-2230-edt-home.json
Outputs/moltbook/2026-05-18-2230-edt-home.status.txt	1779157879	4	stale report	cleanup-staging/2026-05-23/files/Outputs/moltbook/2026-05-18-2230-edt-home.status.txt
Outputs/moltbook/2026-05-18-2230-edt-notifications.headers.txt	1779157900	415	stale report	cleanup-staging/2026-05-23/files/Outputs/moltbook/2026-05-18-2230-edt-notifications.headers.txt
Outputs/moltbook/2026-05-18-2230-edt-notifications.json	1779157900	138	stale report	cleanup-staging/2026-05-23/files/Outputs/moltbook/2026-05-18-2230-edt-notifications.json
Outputs/moltbook/2026-05-18-2230-edt-notifications.status.txt	1779157900	4	stale report	cleanup-staging/2026-05-23/files/Outputs/moltbook/2026-05-18-2230-edt-notifications.status.txt
Outputs/moltbook/2026-05-18-230055-edt-agents-dm-requests.headers.txt	1779159686	409	stale report	cleanup-staging/2026-05-23/files/Outputs/moltbook/2026-05-18-230055-edt-agents-dm-requests.headers.txt
Outputs/moltbook/2026-05-18-230055-edt-agents-dm-requests.json	1779159686	143	stale report	cleanup-staging/2026-05-23/files/Outputs/moltbook/2026-05-18-230055-edt-agents-dm-requests.json
Outputs/moltbook/2026-05-18-230055-edt-agents-dm-requests.status.txt	1779159686	4	stale report	cleanup-staging/2026-05-23/files/Outputs/moltbook/2026-05-18-230055-edt-agents-dm-requests.status.txt
Outputs/moltbook/2026-05-18-230055-edt-codi-moltbook-reply-watcher.md	1779159735	1323	stale watcher artifact	cleanup-staging/2026-05-23/files/Outputs/moltbook/2026-05-18-230055-edt-codi-moltbook-reply-watcher.md
Outputs/moltbook/2026-05-18-230055-edt-home.headers.txt	1779159676	409	stale report	cleanup-staging/2026-05-23/files/Outputs/moltbook/2026-05-18-230055-edt-home.headers.txt
Outputs/moltbook/2026-05-18-230055-edt-home.json	1779159676	129	stale report	cleanup-staging/2026-05-23/files/Outputs/moltbook/2026-05-18-230055-edt-home.json
Outputs/moltbook/2026-05-18-230055-edt-home.status.txt	1779159676	4	stale report	cleanup-staging/2026-05-23/files/Outputs/moltbook/2026-05-18-230055-edt-home.status.txt
Outputs/moltbook/2026-05-18-230055-edt-notifications.headers.txt	1779159696	409	stale report	cleanup-staging/2026-05-23/files/Outputs/moltbook/2026-05-18-230055-edt-notifications.headers.txt
Outputs/moltbook/2026-05-18-230055-edt-notifications.json	1779159696	138	stale report	cleanup-staging/2026-05-23/files/Outputs/moltbook/2026-05-18-230055-edt-notifications.json
Outputs/moltbook/2026-05-18-230055-edt-notifications.status.txt	1779159696	4	stale report	cleanup-staging/2026-05-23/files/Outputs/moltbook/2026-05-18-230055-edt-notifications.status.txt
Outputs/moltbook/2026-05-18-codi-moltbook-curiosity-pulse.md	1779142000	2655	stale report	cleanup-staging/2026-05-23/files/Outputs/moltbook/2026-05-18-codi-moltbook-curiosity-pulse.md
Outputs/moltbook/2026-05-18-codi-moltbook-daily-report.md	1779151695	1024	stale report	cleanup-staging/2026-05-23/files/Outputs/moltbook/2026-05-18-codi-moltbook-daily-report.md
Outputs/moltbook/2026-05-18-codi-moltbook-daily-review.md	1779150769	2493	stale report	cleanup-staging/2026-05-23/files/Outputs/moltbook/2026-05-18-codi-moltbook-daily-review.md
Outputs/moltbook/2026-05-18-moltbook-curiosity-pulse.md	1779077088	2798	stale report	cleanup-staging/2026-05-23/files/Outputs/moltbook/2026-05-18-moltbook-curiosity-pulse.md
Outputs/moltbook/2026-05-18/codi_moltbook_reply_watcher_190000EDT.json	1779145287	1209	stale watcher artifact	cleanup-staging/2026-05-23/files/Outputs/moltbook/2026-05-18/codi_moltbook_reply_watcher_190000EDT.json
Outputs/moltbook/2026-05-18/dm-reply-watcher-233303.md	1779161583	1036	stale watcher artifact	cleanup-staging/2026-05-23/files/Outputs/moltbook/2026-05-18/dm-reply-watcher-233303.md
Outputs/moltbook/2026-05-18_moltbook-curiosity-pulse.md	1779120483	1594	stale report	cleanup-staging/2026-05-23/files/Outputs/moltbook/2026-05-18_moltbook-curiosity-pulse.md
Outputs/moltbook/2026-05-19-0001-edt-codi-moltbook-reply-watcher.md	1779163396	1434	stale watcher artifact	cleanup-staging/2026-05-23/files/Outputs/moltbook/2026-05-19-0001-edt-codi-moltbook-reply-watcher.md
Outputs/moltbook/2026-05-19-0030-edt-agents-dm-requests.headers.txt	1779165113	415	stale report	cleanup-staging/2026-05-23/files/Outputs/moltbook/2026-05-19-0030-edt-agents-dm-requests.headers.txt
Outputs/moltbook/2026-05-19-0030-edt-agents-dm-requests.json	1779165113	143	stale report	cleanup-staging/2026-05-23/files/Outputs/moltbook/2026-05-19-0030-edt-agents-dm-requests.json
Outputs/moltbook/2026-05-19-0030-edt-agents-dm-requests.status.txt	1779165113	3	stale report	cleanup-staging/2026-05-23/files/Outputs/moltbook/2026-05-19-0030-edt-agents-dm-requests.status.txt
Outputs/moltbook/2026-05-19-0030-edt-codi-moltbook-reply-watcher.md	1779165137	1464	stale watcher artifact	cleanup-staging/2026-05-23/files/Outputs/moltbook/2026-05-19-0030-edt-codi-moltbook-reply-watcher.md
Outputs/moltbook/2026-05-19-0030-edt-home.headers.txt	1779165092	415	stale report	cleanup-staging/2026-05-23/files/Outputs/moltbook/2026-05-19-0030-edt-home.headers.txt
Outputs/moltbook/2026-05-19-0030-edt-home.json	1779165092	129	stale report	cleanup-staging/2026-05-23/files/Outputs/moltbook/2026-05-19-0030-edt-home.json
Outputs/moltbook/2026-05-19-0030-edt-home.status.txt	1779165092	3	stale report	cleanup-staging/2026-05-23/files/Outputs/moltbook/2026-05-19-0030-edt-home.status.txt
Outputs/moltbook/2026-05-19-0030-edt-notifications.headers.txt	1779165103	415	stale report	cleanup-staging/2026-05-23/files/Outputs/moltbook/2026-05-19-0030-edt-notifications.headers.txt
Outputs/moltbook/2026-05-19-0030-edt-notifications.json	1779165103	138	stale report	cleanup-staging/2026-05-23/files/Outputs/moltbook/2026-05-19-0030-edt-notifications.json
Outputs/moltbook/2026-05-19-0030-edt-notifications.status.txt	1779165103	3	stale report	cleanup-staging/2026-05-23/files/Outputs/moltbook/2026-05-19-0030-edt-notifications.status.txt
Outputs/moltbook/2026-05-19-010035-edt-agents-dm-requests.headers.txt	1779166856	415	stale report	cleanup-staging/2026-05-23/files/Outputs/moltbook/2026-05-19-010035-edt-agents-dm-requests.headers.txt
Outputs/moltbook/2026-05-19-010035-edt-agents-dm-requests.json	1779166856	143	stale report	cleanup-staging/2026-05-23/files/Outputs/moltbook/2026-05-19-010035-edt-agents-dm-requests.json
Outputs/moltbook/2026-05-19-010035-edt-agents-dm-requests.status.txt	1779166856	3	stale report	cleanup-staging/2026-05-23/files/Outputs/moltbook/2026-05-19-010035-edt-agents-dm-requests.status.txt
Outputs/moltbook/2026-05-19-010035-edt-codi-moltbook-reply-watcher.md	1779166899	1439	stale watcher artifact	cleanup-staging/2026-05-23/files/Outputs/moltbook/2026-05-19-010035-edt-codi-moltbook-reply-watcher.md
Outputs/moltbook/2026-05-19-010035-edt-home.headers.txt	1779166846	415	stale report	cleanup-staging/2026-05-23/files/Outputs/moltbook/2026-05-19-010035-edt-home.headers.txt
Outputs/moltbook/2026-05-19-010035-edt-home.json	1779166846	129	stale report	cleanup-staging/2026-05-23/files/Outputs/moltbook/2026-05-19-010035-edt-home.json
Outputs/moltbook/2026-05-19-010035-edt-home.status.txt	1779166846	3	stale report	cleanup-staging/2026-05-23/files/Outputs/moltbook/2026-05-19-010035-edt-home.status.txt
Outputs/moltbook/2026-05-19-010035-edt-notifications.headers.txt	1779166866	415	stale report	cleanup-staging/2026-05-23/files/Outputs/moltbook/2026-05-19-010035-edt-notifications.headers.txt
Outputs/moltbook/2026-05-19-010035-edt-notifications.json	1779166866	138	stale report	cleanup-staging/2026-05-23/files/Outputs/moltbook/2026-05-19-010035-edt-notifications.json
Outputs/moltbook/2026-05-19-010035-edt-notifications.status.txt	1779166866	3	stale report	cleanup-staging/2026-05-23/files/Outputs/moltbook/2026-05-19-010035-edt-notifications.status.txt
Outputs/moltbook/2026-05-19-013000-edt-codi-moltbook-reply-watcher.md	1779168735	1446	stale watcher artifact	cleanup-staging/2026-05-23/files/Outputs/moltbook/2026-05-19-013000-edt-codi-moltbook-reply-watcher.md
Outputs/moltbook/2026-05-19-020123-edt-agents-dm-requests.json	1779170504	143	stale report	cleanup-staging/2026-05-23/files/Outputs/moltbook/2026-05-19-020123-edt-agents-dm-requests.json
Outputs/moltbook/2026-05-19-020123-edt-agents-dm-requests.status.txt	1779170504	3	stale report	cleanup-staging/2026-05-23/files/Outputs/moltbook/2026-05-19-020123-edt-agents-dm-requests.status.txt
Outputs/moltbook/2026-05-19-020123-edt-codi-moltbook-reply-watcher.md	1779170528	1231	stale watcher artifact	cleanup-staging/2026-05-23/files/Outputs/moltbook/2026-05-19-020123-edt-codi-moltbook-reply-watcher.md
Outputs/moltbook/2026-05-19-020123-edt-home.json	1779170494	129	stale report	cleanup-staging/2026-05-23/files/Outputs/moltbook/2026-05-19-020123-edt-home.json
Outputs/moltbook/2026-05-19-020123-edt-home.status.txt	1779170494	3	stale report	cleanup-staging/2026-05-23/files/Outputs/moltbook/2026-05-19-020123-edt-home.status.txt
Outputs/moltbook/2026-05-19-020123-edt-notifications.json	1779170515	138	stale report	cleanup-staging/2026-05-23/files/Outputs/moltbook/2026-05-19-020123-edt-notifications.json
Outputs/moltbook/2026-05-19-020123-edt-notifications.status.txt	1779170515	3	stale report	cleanup-staging/2026-05-23/files/Outputs/moltbook/2026-05-19-020123-edt-notifications.status.txt
Outputs/moltbook/2026-05-19-020123-edt-summary.json	1779170515	1605	stale report	cleanup-staging/2026-05-23/files/Outputs/moltbook/2026-05-19-020123-edt-summary.json
Outputs/moltbook/2026-05-19-0230-edt-agents-dm-requests.headers.txt	1779172296	415	stale report	cleanup-staging/2026-05-23/files/Outputs/moltbook/2026-05-19-0230-edt-agents-dm-requests.headers.txt
Outputs/moltbook/2026-05-19-0230-edt-agents-dm-requests.json	1779172296	143	stale report	cleanup-staging/2026-05-23/files/Outputs/moltbook/2026-05-19-0230-edt-agents-dm-requests.json
Outputs/moltbook/2026-05-19-0230-edt-agents-dm-requests.status.txt	1779172296	3	stale report	cleanup-staging/2026-05-23/files/Outputs/moltbook/2026-05-19-0230-edt-agents-dm-requests.status.txt
Outputs/moltbook/2026-05-19-0230-edt-codi-moltbook-reply-watcher.md	1779172343	1367	stale watcher artifact	cleanup-staging/2026-05-23/files/Outputs/moltbook/2026-05-19-0230-edt-codi-moltbook-reply-watcher.md
Outputs/moltbook/2026-05-19-0230-edt-home.headers.txt	1779172286	415	stale report	cleanup-staging/2026-05-23/files/Outputs/moltbook/2026-05-19-0230-edt-home.headers.txt
Outputs/moltbook/2026-05-19-0230-edt-home.json	1779172286	129	stale report	cleanup-staging/2026-05-23/files/Outputs/moltbook/2026-05-19-0230-edt-home.json
Outputs/moltbook/2026-05-19-0230-edt-home.status.txt	1779172286	3	stale report	cleanup-staging/2026-05-23/files/Outputs/moltbook/2026-05-19-0230-edt-home.status.txt
Outputs/moltbook/2026-05-19-0230-edt-notifications.headers.txt	1779172306	415	stale report	cleanup-staging/2026-05-23/files/Outputs/moltbook/2026-05-19-0230-edt-notifications.headers.txt
Outputs/moltbook/2026-05-19-0230-edt-notifications.json	1779172306	138	stale report	cleanup-staging/2026-05-23/files/Outputs/moltbook/2026-05-19-0230-edt-notifications.json
Outputs/moltbook/2026-05-19-0230-edt-notifications.status.txt	1779172306	3	stale report	cleanup-staging/2026-05-23/files/Outputs/moltbook/2026-05-19-0230-edt-notifications.status.txt
Outputs/moltbook/2026-05-19-030426-edt-agents-dm-requests.headers.txt	1779174292	415	stale report	cleanup-staging/2026-05-23/files/Outputs/moltbook/2026-05-19-030426-edt-agents-dm-requests.headers.txt
Outputs/moltbook/2026-05-19-030426-edt-agents-dm-requests.json	1779174292	143	stale report	cleanup-staging/2026-05-23/files/Outputs/moltbook/2026-05-19-030426-edt-agents-dm-requests.json
Outputs/moltbook/2026-05-19-030426-edt-agents-dm-requests.status.txt	1779174292	4	stale report	cleanup-staging/2026-05-23/files/Outputs/moltbook/2026-05-19-030426-edt-agents-dm-requests.status.txt
Outputs/moltbook/2026-05-19-030426-edt-codi-moltbook-reply-watcher.md	1779174313	1379	stale watcher artifact	cleanup-staging/2026-05-23/files/Outputs/moltbook/2026-05-19-030426-edt-codi-moltbook-reply-watcher.md
Outputs/moltbook/2026-05-19-030426-edt-home.headers.txt	1779174282	415	stale report	cleanup-staging/2026-05-23/files/Outputs/moltbook/2026-05-19-030426-edt-home.headers.txt
Outputs/moltbook/2026-05-19-030426-edt-home.json	1779174282	129	stale report	cleanup-staging/2026-05-23/files/Outputs/moltbook/2026-05-19-030426-edt-home.json
Outputs/moltbook/2026-05-19-030426-edt-home.status.txt	1779174282	4	stale report	cleanup-staging/2026-05-23/files/Outputs/moltbook/2026-05-19-030426-edt-home.status.txt
Outputs/moltbook/2026-05-19-030426-edt-notifications.headers.txt	1779174302	415	stale report	cleanup-staging/2026-05-23/files/Outputs/moltbook/2026-05-19-030426-edt-notifications.headers.txt
Outputs/moltbook/2026-05-19-030426-edt-notifications.json	1779174302	138	stale report	cleanup-staging/2026-05-23/files/Outputs/moltbook/2026-05-19-030426-edt-notifications.json
Outputs/moltbook/2026-05-19-030426-edt-notifications.status.txt	1779174302	4	stale report	cleanup-staging/2026-05-23/files/Outputs/moltbook/2026-05-19-030426-edt-notifications.status.txt
Outputs/moltbook/2026-05-19-033039-edt-agents-dm-requests.headers.txt	1779175860	415	stale report	cleanup-staging/2026-05-23/files/Outputs/moltbook/2026-05-19-033039-edt-agents-dm-requests.headers.txt
Outputs/moltbook/2026-05-19-033039-edt-agents-dm-requests.json	1779175860	143	stale report	cleanup-staging/2026-05-23/files/Outputs/moltbook/2026-05-19-033039-edt-agents-dm-requests.json
Outputs/moltbook/2026-05-19-033039-edt-agents-dm-requests.status.txt	1779175860	3	stale report	cleanup-staging/2026-05-23/files/Outputs/moltbook/2026-05-19-033039-edt-agents-dm-requests.status.txt
Outputs/moltbook/2026-05-19-033039-edt-codi-moltbook-reply-watcher.md	1779175897	1345	stale watcher artifact	cleanup-staging/2026-05-23/files/Outputs/moltbook/2026-05-19-033039-edt-codi-moltbook-reply-watcher.md
Outputs/moltbook/2026-05-19-033039-edt-home.headers.txt	1779175850	415	stale report	cleanup-staging/2026-05-23/files/Outputs/moltbook/2026-05-19-033039-edt-home.headers.txt
Outputs/moltbook/2026-05-19-033039-edt-home.json	1779175850	129	stale report	cleanup-staging/2026-05-23/files/Outputs/moltbook/2026-05-19-033039-edt-home.json
Outputs/moltbook/2026-05-19-033039-edt-home.status.txt	1779175850	3	stale report	cleanup-staging/2026-05-23/files/Outputs/moltbook/2026-05-19-033039-edt-home.status.txt
Outputs/moltbook/2026-05-19-033039-edt-notifications.headers.txt	1779175870	415	stale report	cleanup-staging/2026-05-23/files/Outputs/moltbook/2026-05-19-033039-edt-notifications.headers.txt
Outputs/moltbook/2026-05-19-033039-edt-notifications.json	1779175870	138	stale report	cleanup-staging/2026-05-23/files/Outputs/moltbook/2026-05-19-033039-edt-notifications.json
Outputs/moltbook/2026-05-19-033039-edt-notifications.status.txt	1779175870	3	stale report	cleanup-staging/2026-05-23/files/Outputs/moltbook/2026-05-19-033039-edt-notifications.status.txt
Outputs/moltbook/2026-05-19-040054-edt-agents-dm-requests.json	1779177675	143	stale report	cleanup-staging/2026-05-23/files/Outputs/moltbook/2026-05-19-040054-edt-agents-dm-requests.json
Outputs/moltbook/2026-05-19-040054-edt-agents-dm-requests.status.txt	1779177675	41	stale report	cleanup-staging/2026-05-23/files/Outputs/moltbook/2026-05-19-040054-edt-agents-dm-requests.status.txt
Outputs/moltbook/2026-05-19-040054-edt-codi-moltbook-reply-watcher.md	1779177719	1345	stale watcher artifact	cleanup-staging/2026-05-23/files/Outputs/moltbook/2026-05-19-040054-edt-codi-moltbook-reply-watcher.md
Outputs/moltbook/2026-05-19-040054-edt-home.json	1779177665	129	stale report	cleanup-staging/2026-05-23/files/Outputs/moltbook/2026-05-19-040054-edt-home.json
Outputs/moltbook/2026-05-19-040054-edt-home.status.txt	1779177665	41	stale report	cleanup-staging/2026-05-23/files/Outputs/moltbook/2026-05-19-040054-edt-home.status.txt
Outputs/moltbook/2026-05-19-040054-edt-notifications.json	1779177685	138	stale report	cleanup-staging/2026-05-23/files/Outputs/moltbook/2026-05-19-040054-edt-notifications.json
Outputs/moltbook/2026-05-19-040054-edt-notifications.status.txt	1779177685	41	stale report	cleanup-staging/2026-05-23/files/Outputs/moltbook/2026-05-19-040054-edt-notifications.status.txt
Outputs/moltbook/2026-05-19-043116-edt-agents-dm-requests.headers.txt	1779179497	415	stale report	cleanup-staging/2026-05-23/files/Outputs/moltbook/2026-05-19-043116-edt-agents-dm-requests.headers.txt
Outputs/moltbook/2026-05-19-043116-edt-agents-dm-requests.json	1779179497	143	stale report	cleanup-staging/2026-05-23/files/Outputs/moltbook/2026-05-19-043116-edt-agents-dm-requests.json
Outputs/moltbook/2026-05-19-043116-edt-agents-dm-requests.status.txt	1779179497	3	stale report	cleanup-staging/2026-05-23/files/Outputs/moltbook/2026-05-19-043116-edt-agents-dm-requests.status.txt
Outputs/moltbook/2026-05-19-043116-edt-codi-moltbook-reply-watcher.md	1779179538	1345	stale watcher artifact	cleanup-staging/2026-05-23/files/Outputs/moltbook/2026-05-19-043116-edt-codi-moltbook-reply-watcher.md
Outputs/moltbook/2026-05-19-043116-edt-home.headers.txt	1779179486	415	stale report	cleanup-staging/2026-05-23/files/Outputs/moltbook/2026-05-19-043116-edt-home.headers.txt
Outputs/moltbook/2026-05-19-043116-edt-home.json	1779179487	129	stale report	cleanup-staging/2026-05-23/files/Outputs/moltbook/2026-05-19-043116-edt-home.json
Outputs/moltbook/2026-05-19-043116-edt-home.status.txt	1779179487	3	stale report	cleanup-staging/2026-05-23/files/Outputs/moltbook/2026-05-19-043116-edt-home.status.txt
Outputs/moltbook/2026-05-19-043116-edt-notifications.headers.txt	1779179514	415	stale report	cleanup-staging/2026-05-23/files/Outputs/moltbook/2026-05-19-043116-edt-notifications.headers.txt
Outputs/moltbook/2026-05-19-043116-edt-notifications.json	1779179514	138	stale report	cleanup-staging/2026-05-23/files/Outputs/moltbook/2026-05-19-043116-edt-notifications.json
Outputs/moltbook/2026-05-19-043116-edt-notifications.status.txt	1779179514	3	stale report	cleanup-staging/2026-05-23/files/Outputs/moltbook/2026-05-19-043116-edt-notifications.status.txt
Outputs/moltbook/2026-05-19-050135-edt-agents-dm-requests.headers.txt	1779181317	409	stale report	cleanup-staging/2026-05-23/files/Outputs/moltbook/2026-05-19-050135-edt-agents-dm-requests.headers.txt
Outputs/moltbook/2026-05-19-050135-edt-agents-dm-requests.json	1779181317	143	stale report	cleanup-staging/2026-05-23/files/Outputs/moltbook/2026-05-19-050135-edt-agents-dm-requests.json
Outputs/moltbook/2026-05-19-050135-edt-agents-dm-requests.status.txt	1779181317	4	stale report	cleanup-staging/2026-05-23/files/Outputs/moltbook/2026-05-19-050135-edt-agents-dm-requests.status.txt
Outputs/moltbook/2026-05-19-050135-edt-codi-moltbook-reply-watcher.md	1779181327	1283	stale watcher artifact	cleanup-staging/2026-05-23/files/Outputs/moltbook/2026-05-19-050135-edt-codi-moltbook-reply-watcher.md
Outputs/moltbook/2026-05-19-050135-edt-home.headers.txt	1779181307	409	stale report	cleanup-staging/2026-05-23/files/Outputs/moltbook/2026-05-19-050135-edt-home.headers.txt
Outputs/moltbook/2026-05-19-050135-edt-home.json	1779181307	129	stale report	cleanup-staging/2026-05-23/files/Outputs/moltbook/2026-05-19-050135-edt-home.json
Outputs/moltbook/2026-05-19-050135-edt-home.status.txt	1779181307	4	stale report	cleanup-staging/2026-05-23/files/Outputs/moltbook/2026-05-19-050135-edt-home.status.txt
Outputs/moltbook/2026-05-19-050135-edt-notifications.headers.txt	1779181327	409	stale report	cleanup-staging/2026-05-23/files/Outputs/moltbook/2026-05-19-050135-edt-notifications.headers.txt
Outputs/moltbook/2026-05-19-050135-edt-notifications.json	1779181327	138	stale report	cleanup-staging/2026-05-23/files/Outputs/moltbook/2026-05-19-050135-edt-notifications.json
Outputs/moltbook/2026-05-19-050135-edt-notifications.status.txt	1779181327	4	stale report	cleanup-staging/2026-05-23/files/Outputs/moltbook/2026-05-19-050135-edt-notifications.status.txt
Outputs/moltbook/2026-05-19-050135-edt-summary.json	1779181327	346	stale report	cleanup-staging/2026-05-23/files/Outputs/moltbook/2026-05-19-050135-edt-summary.json
Outputs/moltbook/2026-05-19-0530-edt-agents-dm-requests.headers.txt	1779183112	415	stale report	cleanup-staging/2026-05-23/files/Outputs/moltbook/2026-05-19-0530-edt-agents-dm-requests.headers.txt
Outputs/moltbook/2026-05-19-0530-edt-agents-dm-requests.json	1779183112	143	stale report	cleanup-staging/2026-05-23/files/Outputs/moltbook/2026-05-19-0530-edt-agents-dm-requests.json
Outputs/moltbook/2026-05-19-0530-edt-agents-dm-requests.status.txt	1779183112	4	stale report	cleanup-staging/2026-05-23/files/Outputs/moltbook/2026-05-19-0530-edt-agents-dm-requests.status.txt
Outputs/moltbook/2026-05-19-0530-edt-codi-moltbook-reply-watcher.md	1779183145	1709	stale watcher artifact	cleanup-staging/2026-05-23/files/Outputs/moltbook/2026-05-19-0530-edt-codi-moltbook-reply-watcher.md
Outputs/moltbook/2026-05-19-0530-edt-home.headers.txt	1779183102	415	stale report	cleanup-staging/2026-05-23/files/Outputs/moltbook/2026-05-19-0530-edt-home.headers.txt
Outputs/moltbook/2026-05-19-0530-edt-home.json	1779183102	129	stale report	cleanup-staging/2026-05-23/files/Outputs/moltbook/2026-05-19-0530-edt-home.json
Outputs/moltbook/2026-05-19-0530-edt-home.status.txt	1779183102	4	stale report	cleanup-staging/2026-05-23/files/Outputs/moltbook/2026-05-19-0530-edt-home.status.txt
Outputs/moltbook/2026-05-19-0530-edt-notifications.headers.txt	1779183123	415	stale report	cleanup-staging/2026-05-23/files/Outputs/moltbook/2026-05-19-0530-edt-notifications.headers.txt
Outputs/moltbook/2026-05-19-0530-edt-notifications.json	1779183123	138	stale report	cleanup-staging/2026-05-23/files/Outputs/moltbook/2026-05-19-0530-edt-notifications.json
Outputs/moltbook/2026-05-19-0530-edt-notifications.status.txt	1779183123	4	stale report	cleanup-staging/2026-05-23/files/Outputs/moltbook/2026-05-19-0530-edt-notifications.status.txt
Outputs/moltbook/2026-05-19-060148-edt-agents-dm-requests.headers.txt	1779184909	495	stale report	cleanup-staging/2026-05-23/files/Outputs/moltbook/2026-05-19-060148-edt-agents-dm-requests.headers.txt
Outputs/moltbook/2026-05-19-060148-edt-agents-dm-requests.json	1779184909	228	stale report	cleanup-staging/2026-05-23/files/Outputs/moltbook/2026-05-19-060148-edt-agents-dm-requests.json
Outputs/moltbook/2026-05-19-060148-edt-agents-dm-requests.status.txt	1779184909	4	stale report	cleanup-staging/2026-05-23/files/Outputs/moltbook/2026-05-19-060148-edt-agents-dm-requests.status.txt
Outputs/moltbook/2026-05-19-060148-edt-codi-moltbook-reply-watcher.md	1779184951	1871	stale watcher artifact	cleanup-staging/2026-05-23/files/Outputs/moltbook/2026-05-19-060148-edt-codi-moltbook-reply-watcher.md
Outputs/moltbook/2026-05-19-060148-edt-home.headers.txt	1779184908	497	stale report	cleanup-staging/2026-05-23/files/Outputs/moltbook/2026-05-19-060148-edt-home.headers.txt
Outputs/moltbook/2026-05-19-060148-edt-home.json	1779184908	2214	stale report	cleanup-staging/2026-05-23/files/Outputs/moltbook/2026-05-19-060148-edt-home.json
Outputs/moltbook/2026-05-19-060148-edt-home.status.txt	1779184908	4	stale report	cleanup-staging/2026-05-23/files/Outputs/moltbook/2026-05-19-060148-edt-home.status.txt
Outputs/moltbook/2026-05-19-060148-edt-notifications.headers.txt	1779184909	497	stale report	cleanup-staging/2026-05-23/files/Outputs/moltbook/2026-05-19-060148-edt-notifications.headers.txt
Outputs/moltbook/2026-05-19-060148-edt-notifications.json	1779184909	1069	stale report	cleanup-staging/2026-05-23/files/Outputs/moltbook/2026-05-19-060148-edt-notifications.json
Outputs/moltbook/2026-05-19-060148-edt-notifications.status.txt	1779184909	4	stale report	cleanup-staging/2026-05-23/files/Outputs/moltbook/2026-05-19-060148-edt-notifications.status.txt
Outputs/moltbook/2026-05-19-0603-edt-codi-moltbook-curiosity-pulse.md	1779185082	2898	stale report	cleanup-staging/2026-05-23/files/Outputs/moltbook/2026-05-19-0603-edt-codi-moltbook-curiosity-pulse.md
Outputs/moltbook/2026-05-19-073154-edt-agents-dm-requests.headers.txt	1779190315	485	stale report	cleanup-staging/2026-05-23/files/Outputs/moltbook/2026-05-19-073154-edt-agents-dm-requests.headers.txt
Outputs/moltbook/2026-05-19-073154-edt-agents-dm-requests.json	1779190315	228	stale report	cleanup-staging/2026-05-23/files/Outputs/moltbook/2026-05-19-073154-edt-agents-dm-requests.json
Outputs/moltbook/2026-05-19-073154-edt-agents-dm-requests.status.txt	1779190315	4	stale report	cleanup-staging/2026-05-23/files/Outputs/moltbook/2026-05-19-073154-edt-agents-dm-requests.status.txt
Outputs/moltbook/2026-05-19-073154-edt-codi-moltbook-reply-watcher.md	1779190348	1872	stale watcher artifact	cleanup-staging/2026-05-23/files/Outputs/moltbook/2026-05-19-073154-edt-codi-moltbook-reply-watcher.md
Outputs/moltbook/2026-05-19-073154-edt-home.headers.txt	1779190314	487	stale report	cleanup-staging/2026-05-23/files/Outputs/moltbook/2026-05-19-073154-edt-home.headers.txt
Outputs/moltbook/2026-05-19-073154-edt-home.json	1779190314	2214	stale report	cleanup-staging/2026-05-23/files/Outputs/moltbook/2026-05-19-073154-edt-home.json
Outputs/moltbook/2026-05-19-073154-edt-home.status.txt	1779190314	4	stale report	cleanup-staging/2026-05-23/files/Outputs/moltbook/2026-05-19-073154-edt-home.status.txt
Outputs/moltbook/2026-05-19-073154-edt-notifications.headers.txt	1779190315	487	stale report	cleanup-staging/2026-05-23/files/Outputs/moltbook/2026-05-19-073154-edt-notifications.headers.txt
Outputs/moltbook/2026-05-19-073154-edt-notifications.json	1779190315	1087	stale report	cleanup-staging/2026-05-23/files/Outputs/moltbook/2026-05-19-073154-edt-notifications.json
Outputs/moltbook/2026-05-19-073154-edt-notifications.status.txt	1779190315	4	stale report	cleanup-staging/2026-05-23/files/Outputs/moltbook/2026-05-19-073154-edt-notifications.status.txt
Outputs/moltbook/2026-05-19-0800-edt-agents-dm-requests.headers.txt	1779192082	495	stale report	cleanup-staging/2026-05-23/files/Outputs/moltbook/2026-05-19-0800-edt-agents-dm-requests.headers.txt
Outputs/moltbook/2026-05-19-0800-edt-agents-dm-requests.json	1779192082	228	stale report	cleanup-staging/2026-05-23/files/Outputs/moltbook/2026-05-19-0800-edt-agents-dm-requests.json
Outputs/moltbook/2026-05-19-0800-edt-agents-dm-requests.status.txt	1779192082	3	stale report	cleanup-staging/2026-05-23/files/Outputs/moltbook/2026-05-19-0800-edt-agents-dm-requests.status.txt
Outputs/moltbook/2026-05-19-0800-edt-codi-moltbook-reply-watcher.md	1779192118	1848	stale watcher artifact	cleanup-staging/2026-05-23/files/Outputs/moltbook/2026-05-19-0800-edt-codi-moltbook-reply-watcher.md
Outputs/moltbook/2026-05-19-0800-edt-home.headers.txt	1779192082	497	stale report	cleanup-staging/2026-05-23/files/Outputs/moltbook/2026-05-19-0800-edt-home.headers.txt
Outputs/moltbook/2026-05-19-0800-edt-home.json	1779192082	2214	stale report	cleanup-staging/2026-05-23/files/Outputs/moltbook/2026-05-19-0800-edt-home.json
Outputs/moltbook/2026-05-19-0800-edt-home.status.txt	1779192082	3	stale report	cleanup-staging/2026-05-23/files/Outputs/moltbook/2026-05-19-0800-edt-home.status.txt
Outputs/moltbook/2026-05-19-0800-edt-notifications.headers.txt	1779192083	497	stale report	cleanup-staging/2026-05-23/files/Outputs/moltbook/2026-05-19-0800-edt-notifications.headers.txt
Outputs/moltbook/2026-05-19-0800-edt-notifications.json	1779192083	1069	stale report	cleanup-staging/2026-05-23/files/Outputs/moltbook/2026-05-19-0800-edt-notifications.json
Outputs/moltbook/2026-05-19-0800-edt-notifications.status.txt	1779192083	3	stale report	cleanup-staging/2026-05-23/files/Outputs/moltbook/2026-05-19-0800-edt-notifications.status.txt
Outputs/moltbook/2026-05-19-083125-edt-codi-moltbook-reply-watcher.md	1779193918	1203	stale watcher artifact	cleanup-staging/2026-05-23/files/Outputs/moltbook/2026-05-19-083125-edt-codi-moltbook-reply-watcher.md
Outputs/moltbook/2026-05-19-083125-edt-reply-watcher-run/agents-dm-requests.headers.txt	1779193886	495	stale watcher artifact	cleanup-staging/2026-05-23/files/Outputs/moltbook/2026-05-19-083125-edt-reply-watcher-run/agents-dm-requests.headers.txt
Outputs/moltbook/2026-05-19-083125-edt-reply-watcher-run/agents-dm-requests.json	1779193886	228	stale watcher artifact	cleanup-staging/2026-05-23/files/Outputs/moltbook/2026-05-19-083125-edt-reply-watcher-run/agents-dm-requests.json
Outputs/moltbook/2026-05-19-083125-edt-reply-watcher-run/agents-dm-requests.status.txt	1779193886	4	stale watcher artifact	cleanup-staging/2026-05-23/files/Outputs/moltbook/2026-05-19-083125-edt-reply-watcher-run/agents-dm-requests.status.txt
Outputs/moltbook/2026-05-19-083125-edt-reply-watcher-run/home.headers.txt	1779193886	497	stale watcher artifact	cleanup-staging/2026-05-23/files/Outputs/moltbook/2026-05-19-083125-edt-reply-watcher-run/home.headers.txt
Outputs/moltbook/2026-05-19-083125-edt-reply-watcher-run/home.json	1779193886	2214	stale watcher artifact	cleanup-staging/2026-05-23/files/Outputs/moltbook/2026-05-19-083125-edt-reply-watcher-run/home.json
Outputs/moltbook/2026-05-19-083125-edt-reply-watcher-run/home.status.txt	1779193886	4	stale watcher artifact	cleanup-staging/2026-05-23/files/Outputs/moltbook/2026-05-19-083125-edt-reply-watcher-run/home.status.txt
Outputs/moltbook/2026-05-19-083125-edt-reply-watcher-run/notifications.headers.txt	1779193886	497	stale watcher artifact	cleanup-staging/2026-05-23/files/Outputs/moltbook/2026-05-19-083125-edt-reply-watcher-run/notifications.headers.txt
Outputs/moltbook/2026-05-19-083125-edt-reply-watcher-run/notifications.json	1779193886	1069	stale watcher artifact	cleanup-staging/2026-05-23/files/Outputs/moltbook/2026-05-19-083125-edt-reply-watcher-run/notifications.json
Outputs/moltbook/2026-05-19-083125-edt-reply-watcher-run/notifications.status.txt	1779193886	4	stale watcher artifact	cleanup-staging/2026-05-23/files/Outputs/moltbook/2026-05-19-083125-edt-reply-watcher-run/notifications.status.txt
Outputs/moltbook/2026-05-19-090153-edt-api-v1-agents-dm-requests.headers.txt	1779195714	485	stale report	cleanup-staging/2026-05-23/files/Outputs/moltbook/2026-05-19-090153-edt-api-v1-agents-dm-requests.headers.txt
Outputs/moltbook/2026-05-19-090153-edt-api-v1-agents-dm-requests.json	1779195714	228	stale report	cleanup-staging/2026-05-23/files/Outputs/moltbook/2026-05-19-090153-edt-api-v1-agents-dm-requests.json
Outputs/moltbook/2026-05-19-090153-edt-api-v1-agents-dm-requests.status.txt	1779195714	3	stale report	cleanup-staging/2026-05-23/files/Outputs/moltbook/2026-05-19-090153-edt-api-v1-agents-dm-requests.status.txt
Outputs/moltbook/2026-05-19-090153-edt-api-v1-home.headers.txt	1779195714	487	stale report	cleanup-staging/2026-05-23/files/Outputs/moltbook/2026-05-19-090153-edt-api-v1-home.headers.txt
Outputs/moltbook/2026-05-19-090153-edt-api-v1-home.json	1779195714	2214	stale report	cleanup-staging/2026-05-23/files/Outputs/moltbook/2026-05-19-090153-edt-api-v1-home.json
Outputs/moltbook/2026-05-19-090153-edt-api-v1-home.status.txt	1779195714	3	stale report	cleanup-staging/2026-05-23/files/Outputs/moltbook/2026-05-19-090153-edt-api-v1-home.status.txt
Outputs/moltbook/2026-05-19-090153-edt-api-v1-notifications.headers.txt	1779195714	487	stale report	cleanup-staging/2026-05-23/files/Outputs/moltbook/2026-05-19-090153-edt-api-v1-notifications.headers.txt
Outputs/moltbook/2026-05-19-090153-edt-api-v1-notifications.json	1779195714	1083	stale report	cleanup-staging/2026-05-23/files/Outputs/moltbook/2026-05-19-090153-edt-api-v1-notifications.json
Outputs/moltbook/2026-05-19-090153-edt-api-v1-notifications.status.txt	1779195714	3	stale report	cleanup-staging/2026-05-23/files/Outputs/moltbook/2026-05-19-090153-edt-api-v1-notifications.status.txt
Outputs/moltbook/2026-05-19-090153-edt-codi-moltbook-reply-watcher.md	1779195773	1405	stale watcher artifact	cleanup-staging/2026-05-23/files/Outputs/moltbook/2026-05-19-090153-edt-codi-moltbook-reply-watcher.md
Outputs/moltbook/2026-05-19-0930-edt-api-v1-agents-dm-requests.json	1779197523	228	stale report	cleanup-staging/2026-05-23/files/Outputs/moltbook/2026-05-19-0930-edt-api-v1-agents-dm-requests.json
Outputs/moltbook/2026-05-19-0930-edt-api-v1-home.json	1779197523	2214	stale report	cleanup-staging/2026-05-23/files/Outputs/moltbook/2026-05-19-0930-edt-api-v1-home.json
Outputs/moltbook/2026-05-19-0930-edt-api-v1-notifications.json	1779197524	1083	stale report	cleanup-staging/2026-05-23/files/Outputs/moltbook/2026-05-19-0930-edt-api-v1-notifications.json
Outputs/moltbook/2026-05-19-0930-edt-codi-moltbook-reply-watcher.md	1779197524	1807	stale watcher artifact	cleanup-staging/2026-05-23/files/Outputs/moltbook/2026-05-19-0930-edt-codi-moltbook-reply-watcher.md
Outputs/moltbook/2026-05-19-100046-edt-api-v1-agents-dm-requests.headers.txt	1779199267	415	stale report	cleanup-staging/2026-05-23/files/Outputs/moltbook/2026-05-19-100046-edt-api-v1-agents-dm-requests.headers.txt
Outputs/moltbook/2026-05-19-100046-edt-api-v1-agents-dm-requests.json	1779199267	143	stale report	cleanup-staging/2026-05-23/files/Outputs/moltbook/2026-05-19-100046-edt-api-v1-agents-dm-requests.json
Outputs/moltbook/2026-05-19-100046-edt-api-v1-agents-dm-requests.status.txt	1779199267	4	stale report	cleanup-staging/2026-05-23/files/Outputs/moltbook/2026-05-19-100046-edt-api-v1-agents-dm-requests.status.txt
Outputs/moltbook/2026-05-19-100046-edt-api-v1-home.headers.txt	1779199257	415	stale report	cleanup-staging/2026-05-23/files/Outputs/moltbook/2026-05-19-100046-edt-api-v1-home.headers.txt
Outputs/moltbook/2026-05-19-100046-edt-api-v1-home.json	1779199257	129	stale report	cleanup-staging/2026-05-23/files/Outputs/moltbook/2026-05-19-100046-edt-api-v1-home.json
Outputs/moltbook/2026-05-19-100046-edt-api-v1-home.status.txt	1779199257	4	stale report	cleanup-staging/2026-05-23/files/Outputs/moltbook/2026-05-19-100046-edt-api-v1-home.status.txt
Outputs/moltbook/2026-05-19-100046-edt-api-v1-notifications.headers.txt	1779199277	415	stale report	cleanup-staging/2026-05-23/files/Outputs/moltbook/2026-05-19-100046-edt-api-v1-notifications.headers.txt
Outputs/moltbook/2026-05-19-100046-edt-api-v1-notifications.json	1779199277	138	stale report	cleanup-staging/2026-05-23/files/Outputs/moltbook/2026-05-19-100046-edt-api-v1-notifications.json
Outputs/moltbook/2026-05-19-100046-edt-api-v1-notifications.status.txt	1779199277	4	stale report	cleanup-staging/2026-05-23/files/Outputs/moltbook/2026-05-19-100046-edt-api-v1-notifications.status.txt
Outputs/moltbook/2026-05-19-100046-edt-codi-moltbook-reply-watcher.md	1779199296	1594	stale watcher artifact	cleanup-staging/2026-05-23/files/Outputs/moltbook/2026-05-19-100046-edt-codi-moltbook-reply-watcher.md
Outputs/moltbook/2026-05-19-103052-edt-api-v1-agents-dm-requests.headers.txt	1779201073	408	stale report	cleanup-staging/2026-05-23/files/Outputs/moltbook/2026-05-19-103052-edt-api-v1-agents-dm-requests.headers.txt
Outputs/moltbook/2026-05-19-103052-edt-api-v1-agents-dm-requests.json	1779201073	143	stale report	cleanup-staging/2026-05-23/files/Outputs/moltbook/2026-05-19-103052-edt-api-v1-agents-dm-requests.json
Outputs/moltbook/2026-05-19-103052-edt-api-v1-agents-dm-requests.status.txt	1779201073	65	stale report	cleanup-staging/2026-05-23/files/Outputs/moltbook/2026-05-19-103052-edt-api-v1-agents-dm-requests.status.txt
Outputs/moltbook/2026-05-19-103052-edt-api-v1-home.headers.txt	1779201063	408	stale report	cleanup-staging/2026-05-23/files/Outputs/moltbook/2026-05-19-103052-edt-api-v1-home.headers.txt
Outputs/moltbook/2026-05-19-103052-edt-api-v1-home.json	1779201063	129	stale report	cleanup-staging/2026-05-23/files/Outputs/moltbook/2026-05-19-103052-edt-api-v1-home.json
Outputs/moltbook/2026-05-19-103052-edt-api-v1-home.status.txt	1779201063	51	stale report	cleanup-staging/2026-05-23/files/Outputs/moltbook/2026-05-19-103052-edt-api-v1-home.status.txt
Outputs/moltbook/2026-05-19-103052-edt-api-v1-notifications.headers.txt	1779201084	408	stale report	cleanup-staging/2026-05-23/files/Outputs/moltbook/2026-05-19-103052-edt-api-v1-notifications.headers.txt
Outputs/moltbook/2026-05-19-103052-edt-api-v1-notifications.json	1779201084	138	stale report	cleanup-staging/2026-05-23/files/Outputs/moltbook/2026-05-19-103052-edt-api-v1-notifications.json
Outputs/moltbook/2026-05-19-103052-edt-api-v1-notifications.status.txt	1779201084	60	stale report	cleanup-staging/2026-05-23/files/Outputs/moltbook/2026-05-19-103052-edt-api-v1-notifications.status.txt
Outputs/moltbook/2026-05-19-103052-edt-codi-moltbook-reply-watcher.md	1779201106	1594	stale watcher artifact	cleanup-staging/2026-05-23/files/Outputs/moltbook/2026-05-19-103052-edt-codi-moltbook-reply-watcher.md
Outputs/moltbook/2026-05-19-110049-edt-agents-dm-requests.status.txt	1779202850	238	stale report	cleanup-staging/2026-05-23/files/Outputs/moltbook/2026-05-19-110049-edt-agents-dm-requests.status.txt
Outputs/moltbook/2026-05-19-110049-edt-codi-moltbook-reply-watcher.md	1779202879	1581	stale watcher artifact	cleanup-staging/2026-05-23/files/Outputs/moltbook/2026-05-19-110049-edt-codi-moltbook-reply-watcher.md
Outputs/moltbook/2026-05-19-110049-edt-home.status.txt	1779202850	2224	stale report	cleanup-staging/2026-05-23/files/Outputs/moltbook/2026-05-19-110049-edt-home.status.txt
Outputs/moltbook/2026-05-19-110049-edt-notifications.status.txt	1779202851	1097	stale report	cleanup-staging/2026-05-23/files/Outputs/moltbook/2026-05-19-110049-edt-notifications.status.txt
Outputs/moltbook/2026-05-19-113208-edt-codi-moltbook-reply-watcher.md	1779204764	1565	stale watcher artifact	cleanup-staging/2026-05-23/files/Outputs/moltbook/2026-05-19-113208-edt-codi-moltbook-reply-watcher.md
Outputs/moltbook/2026-05-19-113208-edt-reply-watcher-run/api-v1-agents-dm-requests.headers.txt	1779204729	495	stale watcher artifact	cleanup-staging/2026-05-23/files/Outputs/moltbook/2026-05-19-113208-edt-reply-watcher-run/api-v1-agents-dm-requests.headers.txt
Outputs/moltbook/2026-05-19-113208-edt-reply-watcher-run/api-v1-agents-dm-requests.json	1779204729	228	stale watcher artifact	cleanup-staging/2026-05-23/files/Outputs/moltbook/2026-05-19-113208-edt-reply-watcher-run/api-v1-agents-dm-requests.json
Outputs/moltbook/2026-05-19-113208-edt-reply-watcher-run/api-v1-agents-dm-requests.status.txt	1779204729	4	stale watcher artifact	cleanup-staging/2026-05-23/files/Outputs/moltbook/2026-05-19-113208-edt-reply-watcher-run/api-v1-agents-dm-requests.status.txt
Outputs/moltbook/2026-05-19-113208-edt-reply-watcher-run/api-v1-home.headers.txt	1779204729	497	stale watcher artifact	cleanup-staging/2026-05-23/files/Outputs/moltbook/2026-05-19-113208-edt-reply-watcher-run/api-v1-home.headers.txt
Outputs/moltbook/2026-05-19-113208-edt-reply-watcher-run/api-v1-home.json	1779204729	2863	stale watcher artifact	cleanup-staging/2026-05-23/files/Outputs/moltbook/2026-05-19-113208-edt-reply-watcher-run/api-v1-home.json
Outputs/moltbook/2026-05-19-113208-edt-reply-watcher-run/api-v1-home.status.txt	1779204729	4	stale watcher artifact	cleanup-staging/2026-05-23/files/Outputs/moltbook/2026-05-19-113208-edt-reply-watcher-run/api-v1-home.status.txt
Outputs/moltbook/2026-05-19-113208-edt-reply-watcher-run/api-v1-notifications.headers.txt	1779204730	498	stale watcher artifact	cleanup-staging/2026-05-23/files/Outputs/moltbook/2026-05-19-113208-edt-reply-watcher-run/api-v1-notifications.headers.txt
Outputs/moltbook/2026-05-19-113208-edt-reply-watcher-run/api-v1-notifications.json	1779204730	4256	stale watcher artifact	cleanup-staging/2026-05-23/files/Outputs/moltbook/2026-05-19-113208-edt-reply-watcher-run/api-v1-notifications.json
Outputs/moltbook/2026-05-19-113208-edt-reply-watcher-run/api-v1-notifications.status.txt	1779204730	4	stale watcher artifact	cleanup-staging/2026-05-23/files/Outputs/moltbook/2026-05-19-113208-edt-reply-watcher-run/api-v1-notifications.status.txt
Outputs/moltbook/2026-05-19-120200-edt-codi-moltbook-reply-watcher.md	1779206539	1627	stale watcher artifact	cleanup-staging/2026-05-23/files/Outputs/moltbook/2026-05-19-120200-edt-codi-moltbook-reply-watcher.md
Outputs/moltbook/2026-05-19-120200-edt-reply-watcher-run/api-v1-agents-dm-requests.headers.txt	1779206521	485	stale watcher artifact	cleanup-staging/2026-05-23/files/Outputs/moltbook/2026-05-19-120200-edt-reply-watcher-run/api-v1-agents-dm-requests.headers.txt
Outputs/moltbook/2026-05-19-120200-edt-reply-watcher-run/api-v1-agents-dm-requests.json	1779206521	228	stale watcher artifact	cleanup-staging/2026-05-23/files/Outputs/moltbook/2026-05-19-120200-edt-reply-watcher-run/api-v1-agents-dm-requests.json
Outputs/moltbook/2026-05-19-120200-edt-reply-watcher-run/api-v1-agents-dm-requests.status.txt	1779206521	3	stale watcher artifact	cleanup-staging/2026-05-23/files/Outputs/moltbook/2026-05-19-120200-edt-reply-watcher-run/api-v1-agents-dm-requests.status.txt
Outputs/moltbook/2026-05-19-120200-edt-reply-watcher-run/api-v1-home.headers.txt	1779206521	487	stale watcher artifact	cleanup-staging/2026-05-23/files/Outputs/moltbook/2026-05-19-120200-edt-reply-watcher-run/api-v1-home.headers.txt
Outputs/moltbook/2026-05-19-120200-edt-reply-watcher-run/api-v1-home.json	1779206521	2863	stale watcher artifact	cleanup-staging/2026-05-23/files/Outputs/moltbook/2026-05-19-120200-edt-reply-watcher-run/api-v1-home.json
Outputs/moltbook/2026-05-19-120200-edt-reply-watcher-run/api-v1-home.status.txt	1779206521	3	stale watcher artifact	cleanup-staging/2026-05-23/files/Outputs/moltbook/2026-05-19-120200-edt-reply-watcher-run/api-v1-home.status.txt
Outputs/moltbook/2026-05-19-120200-edt-reply-watcher-run/api-v1-notifications.headers.txt	1779206521	488	stale watcher artifact	cleanup-staging/2026-05-23/files/Outputs/moltbook/2026-05-19-120200-edt-reply-watcher-run/api-v1-notifications.headers.txt
Outputs/moltbook/2026-05-19-120200-edt-reply-watcher-run/api-v1-notifications.json	1779206521	4274	stale watcher artifact	cleanup-staging/2026-05-23/files/Outputs/moltbook/2026-05-19-120200-edt-reply-watcher-run/api-v1-notifications.json
Outputs/moltbook/2026-05-19-120200-edt-reply-watcher-run/api-v1-notifications.status.txt	1779206521	3	stale watcher artifact	cleanup-staging/2026-05-23/files/Outputs/moltbook/2026-05-19-120200-edt-reply-watcher-run/api-v1-notifications.status.txt
Outputs/moltbook/2026-05-19-123218-edt-codi-moltbook-reply-watcher.md	1779208340	262	stale watcher artifact	cleanup-staging/2026-05-23/files/Outputs/moltbook/2026-05-19-123218-edt-codi-moltbook-reply-watcher.md
Outputs/moltbook/2026-05-19-130141-edt-agents-dm-requests.json	1779210102	287	stale report	cleanup-staging/2026-05-23/files/Outputs/moltbook/2026-05-19-130141-edt-agents-dm-requests.json
Outputs/moltbook/2026-05-19-130141-edt-codi-moltbook-reply-watcher.md	1779210102	929	stale watcher artifact	cleanup-staging/2026-05-23/files/Outputs/moltbook/2026-05-19-130141-edt-codi-moltbook-reply-watcher.md
Outputs/moltbook/2026-05-19-130141-edt-home.json	1779210102	2488	stale report	cleanup-staging/2026-05-23/files/Outputs/moltbook/2026-05-19-130141-edt-home.json
Outputs/moltbook/2026-05-19-130141-edt-notifications.json	1779210102	5154	stale report	cleanup-staging/2026-05-23/files/Outputs/moltbook/2026-05-19-130141-edt-notifications.json
Outputs/moltbook/2026-05-19-133051-edt-api-v1-home.headers.txt	1779211852	497	stale report	cleanup-staging/2026-05-23/files/Outputs/moltbook/2026-05-19-133051-edt-api-v1-home.headers.txt
Outputs/moltbook/2026-05-19-133051-edt-api-v1-home.json	1779211852	2214	stale report	cleanup-staging/2026-05-23/files/Outputs/moltbook/2026-05-19-133051-edt-api-v1-home.json
Outputs/moltbook/2026-05-19-133100-edt-api-v1-agents-dm-requests.headers.txt	1779211861	495	stale report	cleanup-staging/2026-05-23/files/Outputs/moltbook/2026-05-19-133100-edt-api-v1-agents-dm-requests.headers.txt
Outputs/moltbook/2026-05-19-133100-edt-api-v1-agents-dm-requests.json	1779211861	228	stale report	cleanup-staging/2026-05-23/files/Outputs/moltbook/2026-05-19-133100-edt-api-v1-agents-dm-requests.json
Outputs/moltbook/2026-05-19-133100-edt-api-v1-agents-dm-requests.status.txt	1779211861	4	stale report	cleanup-staging/2026-05-23/files/Outputs/moltbook/2026-05-19-133100-edt-api-v1-agents-dm-requests.status.txt
Outputs/moltbook/2026-05-19-133100-edt-api-v1-home.headers.txt	1779211861	497	stale report	cleanup-staging/2026-05-23/files/Outputs/moltbook/2026-05-19-133100-edt-api-v1-home.headers.txt
Outputs/moltbook/2026-05-19-133100-edt-api-v1-home.json	1779211861	2214	stale report	cleanup-staging/2026-05-23/files/Outputs/moltbook/2026-05-19-133100-edt-api-v1-home.json
Outputs/moltbook/2026-05-19-133100-edt-api-v1-home.status.txt	1779211861	4	stale report	cleanup-staging/2026-05-23/files/Outputs/moltbook/2026-05-19-133100-edt-api-v1-home.status.txt
Outputs/moltbook/2026-05-19-133100-edt-api-v1-notifications.headers.txt	1779211862	498	stale report	cleanup-staging/2026-05-23/files/Outputs/moltbook/2026-05-19-133100-edt-api-v1-notifications.headers.txt
Outputs/moltbook/2026-05-19-133100-edt-api-v1-notifications.json	1779211862	4259	stale report	cleanup-staging/2026-05-23/files/Outputs/moltbook/2026-05-19-133100-edt-api-v1-notifications.json
Outputs/moltbook/2026-05-19-133100-edt-api-v1-notifications.status.txt	1779211862	4	stale report	cleanup-staging/2026-05-23/files/Outputs/moltbook/2026-05-19-133100-edt-api-v1-notifications.status.txt
Outputs/moltbook/2026-05-19-133100-edt-codi-moltbook-reply-watcher.md	1779211891	1701	stale watcher artifact	cleanup-staging/2026-05-23/files/Outputs/moltbook/2026-05-19-133100-edt-codi-moltbook-reply-watcher.md
Outputs/moltbook/2026-05-19-140142-edt-api-v1-agents-dm-requests.json	1779213704	288	stale report	cleanup-staging/2026-05-23/files/Outputs/moltbook/2026-05-19-140142-edt-api-v1-agents-dm-requests.json
Outputs/moltbook/2026-05-19-140142-edt-api-v1-home.json	1779213703	2458	stale report	cleanup-staging/2026-05-23/files/Outputs/moltbook/2026-05-19-140142-edt-api-v1-home.json
Outputs/moltbook/2026-05-19-140142-edt-api-v1-notifications.json	1779213704	5122	stale report	cleanup-staging/2026-05-23/files/Outputs/moltbook/2026-05-19-140142-edt-api-v1-notifications.json
Outputs/moltbook/2026-05-19-140142-edt-codi-moltbook-reply-watcher.md	1779213704	1426	stale watcher artifact	cleanup-staging/2026-05-23/files/Outputs/moltbook/2026-05-19-140142-edt-codi-moltbook-reply-watcher.md
Outputs/moltbook/2026-05-19-143000-edt-codi-moltbook-reply-watcher.md	1779215493	1729	stale watcher artifact	cleanup-staging/2026-05-23/files/Outputs/moltbook/2026-05-19-143000-edt-codi-moltbook-reply-watcher.md
Outputs/moltbook/2026-05-19-143000-edt-reply-watcher-run/api-v1-agents-dm-requests.json	1779215468	228	stale watcher artifact	cleanup-staging/2026-05-23/files/Outputs/moltbook/2026-05-19-143000-edt-reply-watcher-run/api-v1-agents-dm-requests.json
Outputs/moltbook/2026-05-19-143000-edt-reply-watcher-run/api-v1-home.json	1779215468	2214	stale watcher artifact	cleanup-staging/2026-05-23/files/Outputs/moltbook/2026-05-19-143000-edt-reply-watcher-run/api-v1-home.json
Outputs/moltbook/2026-05-19-143000-edt-reply-watcher-run/api-v1-notifications.json	1779215468	4259	stale watcher artifact	cleanup-staging/2026-05-23/files/Outputs/moltbook/2026-05-19-143000-edt-reply-watcher-run/api-v1-notifications.json
Outputs/moltbook/2026-05-19-1501-edt-codi-moltbook-reply-watcher.md	1779217374	1719	stale watcher artifact	cleanup-staging/2026-05-23/files/Outputs/moltbook/2026-05-19-1501-edt-codi-moltbook-reply-watcher.md
Outputs/moltbook/2026-05-19-1501-edt-reply-watcher-run/api-v1-agents-dm-requests.headers.txt	1779217354	495	stale watcher artifact	cleanup-staging/2026-05-23/files/Outputs/moltbook/2026-05-19-1501-edt-reply-watcher-run/api-v1-agents-dm-requests.headers.txt
Outputs/moltbook/2026-05-19-1501-edt-reply-watcher-run/api-v1-agents-dm-requests.json	1779217354	228	stale watcher artifact	cleanup-staging/2026-05-23/files/Outputs/moltbook/2026-05-19-1501-edt-reply-watcher-run/api-v1-agents-dm-requests.json
Outputs/moltbook/2026-05-19-1501-edt-reply-watcher-run/api-v1-agents-dm-requests.status.txt	1779217354	3	stale watcher artifact	cleanup-staging/2026-05-23/files/Outputs/moltbook/2026-05-19-1501-edt-reply-watcher-run/api-v1-agents-dm-requests.status.txt
Outputs/moltbook/2026-05-19-1501-edt-reply-watcher-run/api-v1-home.headers.txt	1779217354	497	stale watcher artifact	cleanup-staging/2026-05-23/files/Outputs/moltbook/2026-05-19-1501-edt-reply-watcher-run/api-v1-home.headers.txt
Outputs/moltbook/2026-05-19-1501-edt-reply-watcher-run/api-v1-home.json	1779217354	2214	stale watcher artifact	cleanup-staging/2026-05-23/files/Outputs/moltbook/2026-05-19-1501-edt-reply-watcher-run/api-v1-home.json
Outputs/moltbook/2026-05-19-1501-edt-reply-watcher-run/api-v1-home.status.txt	1779217354	3	stale watcher artifact	cleanup-staging/2026-05-23/files/Outputs/moltbook/2026-05-19-1501-edt-reply-watcher-run/api-v1-home.status.txt
Outputs/moltbook/2026-05-19-1501-edt-reply-watcher-run/api-v1-notifications.headers.txt	1779217355	498	stale watcher artifact	cleanup-staging/2026-05-23/files/Outputs/moltbook/2026-05-19-1501-edt-reply-watcher-run/api-v1-notifications.headers.txt
Outputs/moltbook/2026-05-19-1501-edt-reply-watcher-run/api-v1-notifications.json	1779217355	4273	stale watcher artifact	cleanup-staging/2026-05-23/files/Outputs/moltbook/2026-05-19-1501-edt-reply-watcher-run/api-v1-notifications.json
Outputs/moltbook/2026-05-19-1501-edt-reply-watcher-run/api-v1-notifications.status.txt	1779217355	3	stale watcher artifact	cleanup-staging/2026-05-23/files/Outputs/moltbook/2026-05-19-1501-edt-reply-watcher-run/api-v1-notifications.status.txt
Outputs/moltbook/2026-05-19-153036-edt-codi-moltbook-reply-watcher.md	1779219085	1628	stale watcher artifact	cleanup-staging/2026-05-23/files/Outputs/moltbook/2026-05-19-153036-edt-codi-moltbook-reply-watcher.md
Outputs/moltbook/2026-05-19-153036-edt-reply-watcher-run/api-v1-agents-dm-requests.headers.txt	1779219037	495	stale watcher artifact	cleanup-staging/2026-05-23/files/Outputs/moltbook/2026-05-19-153036-edt-reply-watcher-run/api-v1-agents-dm-requests.headers.txt
Outputs/moltbook/2026-05-19-153036-edt-reply-watcher-run/api-v1-agents-dm-requests.json	1779219037	228	stale watcher artifact	cleanup-staging/2026-05-23/files/Outputs/moltbook/2026-05-19-153036-edt-reply-watcher-run/api-v1-agents-dm-requests.json
Outputs/moltbook/2026-05-19-153036-edt-reply-watcher-run/api-v1-agents-dm-requests.status.txt	1779219037	3	stale watcher artifact	cleanup-staging/2026-05-23/files/Outputs/moltbook/2026-05-19-153036-edt-reply-watcher-run/api-v1-agents-dm-requests.status.txt
Outputs/moltbook/2026-05-19-153036-edt-reply-watcher-run/api-v1-home.headers.txt	1779219037	497	stale watcher artifact	cleanup-staging/2026-05-23/files/Outputs/moltbook/2026-05-19-153036-edt-reply-watcher-run/api-v1-home.headers.txt
Outputs/moltbook/2026-05-19-153036-edt-reply-watcher-run/api-v1-home.json	1779219037	2214	stale watcher artifact	cleanup-staging/2026-05-23/files/Outputs/moltbook/2026-05-19-153036-edt-reply-watcher-run/api-v1-home.json
Outputs/moltbook/2026-05-19-153036-edt-reply-watcher-run/api-v1-home.status.txt	1779219037	3	stale watcher artifact	cleanup-staging/2026-05-23/files/Outputs/moltbook/2026-05-19-153036-edt-reply-watcher-run/api-v1-home.status.txt
Outputs/moltbook/2026-05-19-153036-edt-reply-watcher-run/api-v1-notifications.headers.txt	1779219037	498	stale watcher artifact	cleanup-staging/2026-05-23/files/Outputs/moltbook/2026-05-19-153036-edt-reply-watcher-run/api-v1-notifications.headers.txt
Outputs/moltbook/2026-05-19-153036-edt-reply-watcher-run/api-v1-notifications.json	1779219037	4273	stale watcher artifact	cleanup-staging/2026-05-23/files/Outputs/moltbook/2026-05-19-153036-edt-reply-watcher-run/api-v1-notifications.json
Outputs/moltbook/2026-05-19-153036-edt-reply-watcher-run/api-v1-notifications.status.txt	1779219037	3	stale watcher artifact	cleanup-staging/2026-05-23/files/Outputs/moltbook/2026-05-19-153036-edt-reply-watcher-run/api-v1-notifications.status.txt
Outputs/moltbook/2026-05-19-160052-edt-codi-moltbook-reply-watcher.md	1779220877	1628	stale watcher artifact	cleanup-staging/2026-05-23/files/Outputs/moltbook/2026-05-19-160052-edt-codi-moltbook-reply-watcher.md
Outputs/moltbook/2026-05-19-1630-edt-codi-moltbook-reply-watcher.md	1779222692	1665	stale watcher artifact	cleanup-staging/2026-05-23/files/Outputs/moltbook/2026-05-19-1630-edt-codi-moltbook-reply-watcher.md
Outputs/moltbook/2026-05-19-1700-edt-codi-moltbook-reply-watcher.md	1779224470	1235	stale watcher artifact	cleanup-staging/2026-05-23/files/Outputs/moltbook/2026-05-19-1700-edt-codi-moltbook-reply-watcher.md
Outputs/moltbook/2026-05-19-1700-edt-reply-watcher-run/api-v1-agents-dm-requests.headers.txt	1779224455	485	stale watcher artifact	cleanup-staging/2026-05-23/files/Outputs/moltbook/2026-05-19-1700-edt-reply-watcher-run/api-v1-agents-dm-requests.headers.txt
Outputs/moltbook/2026-05-19-1700-edt-reply-watcher-run/api-v1-agents-dm-requests.json	1779224455	228	stale watcher artifact	cleanup-staging/2026-05-23/files/Outputs/moltbook/2026-05-19-1700-edt-reply-watcher-run/api-v1-agents-dm-requests.json
Outputs/moltbook/2026-05-19-1700-edt-reply-watcher-run/api-v1-home.headers.txt	1779224454	487	stale watcher artifact	cleanup-staging/2026-05-23/files/Outputs/moltbook/2026-05-19-1700-edt-reply-watcher-run/api-v1-home.headers.txt
Outputs/moltbook/2026-05-19-1700-edt-reply-watcher-run/api-v1-home.json	1779224454	2214	stale watcher artifact	cleanup-staging/2026-05-23/files/Outputs/moltbook/2026-05-19-1700-edt-reply-watcher-run/api-v1-home.json
Outputs/moltbook/2026-05-19-1700-edt-reply-watcher-run/api-v1-notifications.headers.txt	1779224455	488	stale watcher artifact	cleanup-staging/2026-05-23/files/Outputs/moltbook/2026-05-19-1700-edt-reply-watcher-run/api-v1-notifications.headers.txt
Outputs/moltbook/2026-05-19-1700-edt-reply-watcher-run/api-v1-notifications.json	1779224455	4259	stale watcher artifact	cleanup-staging/2026-05-23/files/Outputs/moltbook/2026-05-19-1700-edt-reply-watcher-run/api-v1-notifications.json
Outputs/moltbook/2026-05-19-173101-edt-codi-moltbook-reply-watcher.md	1779226310	1604	stale watcher artifact	cleanup-staging/2026-05-23/files/Outputs/moltbook/2026-05-19-173101-edt-codi-moltbook-reply-watcher.md
Outputs/moltbook/2026-05-19-173101-edt-reply-watcher-run/api-v1-agents-dm-requests.json	1779226310	288	stale watcher artifact	cleanup-staging/2026-05-23/files/Outputs/moltbook/2026-05-19-173101-edt-reply-watcher-run/api-v1-agents-dm-requests.json
Outputs/moltbook/2026-05-19-173101-edt-reply-watcher-run/api-v1-home.json	1779226310	2458	stale watcher artifact	cleanup-staging/2026-05-23/files/Outputs/moltbook/2026-05-19-173101-edt-reply-watcher-run/api-v1-home.json
Outputs/moltbook/2026-05-19-173101-edt-reply-watcher-run/api-v1-notifications.json	1779226310	1732	stale watcher artifact	cleanup-staging/2026-05-23/files/Outputs/moltbook/2026-05-19-173101-edt-reply-watcher-run/api-v1-notifications.json
Outputs/moltbook/2026-05-19-180227-edt-codi-moltbook-reply-watcher.md	1779228188	1863	stale watcher artifact	cleanup-staging/2026-05-23/files/Outputs/moltbook/2026-05-19-180227-edt-codi-moltbook-reply-watcher.md
Outputs/moltbook/2026-05-19-180227-edt-reply-watcher-run/.status.txt	1779228148	0	stale watcher artifact	cleanup-staging/2026-05-23/files/Outputs/moltbook/2026-05-19-180227-edt-reply-watcher-run/.status.txt
Outputs/moltbook/2026-05-19-180227-edt-reply-watcher-run/api-v1-agents-dm-requests.headers.txt	1779228159	495	stale watcher artifact	cleanup-staging/2026-05-23/files/Outputs/moltbook/2026-05-19-180227-edt-reply-watcher-run/api-v1-agents-dm-requests.headers.txt
Outputs/moltbook/2026-05-19-180227-edt-reply-watcher-run/api-v1-agents-dm-requests.json	1779228159	228	stale watcher artifact	cleanup-staging/2026-05-23/files/Outputs/moltbook/2026-05-19-180227-edt-reply-watcher-run/api-v1-agents-dm-requests.json
Outputs/moltbook/2026-05-19-180227-edt-reply-watcher-run/api-v1-agents-dm-requests.status.txt	1779228159	3	stale watcher artifact	cleanup-staging/2026-05-23/files/Outputs/moltbook/2026-05-19-180227-edt-reply-watcher-run/api-v1-agents-dm-requests.status.txt
Outputs/moltbook/2026-05-19-180227-edt-reply-watcher-run/api-v1-home.headers.txt	1779228158	497	stale watcher artifact	cleanup-staging/2026-05-23/files/Outputs/moltbook/2026-05-19-180227-edt-reply-watcher-run/api-v1-home.headers.txt
Outputs/moltbook/2026-05-19-180227-edt-reply-watcher-run/api-v1-home.json	1779228158	2214	stale watcher artifact	cleanup-staging/2026-05-23/files/Outputs/moltbook/2026-05-19-180227-edt-reply-watcher-run/api-v1-home.json
Outputs/moltbook/2026-05-19-180227-edt-reply-watcher-run/api-v1-home.status.txt	1779228158	3	stale watcher artifact	cleanup-staging/2026-05-23/files/Outputs/moltbook/2026-05-19-180227-edt-reply-watcher-run/api-v1-home.status.txt
Outputs/moltbook/2026-05-19-180227-edt-reply-watcher-run/api-v1-notifications.headers.txt	1779228159	498	stale watcher artifact	cleanup-staging/2026-05-23/files/Outputs/moltbook/2026-05-19-180227-edt-reply-watcher-run/api-v1-notifications.headers.txt
Outputs/moltbook/2026-05-19-180227-edt-reply-watcher-run/api-v1-notifications.json	1779228159	4273	stale watcher artifact	cleanup-staging/2026-05-23/files/Outputs/moltbook/2026-05-19-180227-edt-reply-watcher-run/api-v1-notifications.json
Outputs/moltbook/2026-05-19-180227-edt-reply-watcher-run/api-v1-notifications.status.txt	1779228159	3	stale watcher artifact	cleanup-staging/2026-05-23/files/Outputs/moltbook/2026-05-19-180227-edt-reply-watcher-run/api-v1-notifications.status.txt
Outputs/moltbook/2026-05-19-1830-edt-codi-moltbook-reply-watcher.md	1779229897	1852	stale watcher artifact	cleanup-staging/2026-05-23/files/Outputs/moltbook/2026-05-19-1830-edt-codi-moltbook-reply-watcher.md
Outputs/moltbook/2026-05-19-1830-edt-reply-watcher-run/api-v1-agents-dm-requests.json	1779229897	228	stale watcher artifact	cleanup-staging/2026-05-23/files/Outputs/moltbook/2026-05-19-1830-edt-reply-watcher-run/api-v1-agents-dm-requests.json
Outputs/moltbook/2026-05-19-1830-edt-reply-watcher-run/api-v1-home.json	1779229897	2214	stale watcher artifact	cleanup-staging/2026-05-23/files/Outputs/moltbook/2026-05-19-1830-edt-reply-watcher-run/api-v1-home.json
Outputs/moltbook/2026-05-19-1830-edt-reply-watcher-run/api-v1-notifications.json	1779229897	4255	stale watcher artifact	cleanup-staging/2026-05-23/files/Outputs/moltbook/2026-05-19-1830-edt-reply-watcher-run/api-v1-notifications.json
Outputs/moltbook/2026-05-19-1915-edt-codi-moltbook-participation-pulse.md	1779232647	1675	stale report	cleanup-staging/2026-05-23/files/Outputs/moltbook/2026-05-19-1915-edt-codi-moltbook-participation-pulse.md
Outputs/moltbook/2026-05-19-1915-edt-participation-pulse-run/comment-create.json	1779232595	1712	stale report	cleanup-staging/2026-05-23/files/Outputs/moltbook/2026-05-19-1915-edt-participation-pulse-run/comment-create.json
Outputs/moltbook/2026-05-19-1915-edt-participation-pulse-run/comment-verify.json	1779232608	298	stale report	cleanup-staging/2026-05-23/files/Outputs/moltbook/2026-05-19-1915-edt-participation-pulse-run/comment-verify.json
Outputs/moltbook/2026-05-19-1915-edt-participation-pulse-run/home.json	1779232582	2214	stale report	cleanup-staging/2026-05-23/files/Outputs/moltbook/2026-05-19-1915-edt-participation-pulse-run/home.json
Outputs/moltbook/2026-05-19-1915-edt-participation-pulse-run/notifications.json	1779232582	4274	stale report	cleanup-staging/2026-05-23/files/Outputs/moltbook/2026-05-19-1915-edt-participation-pulse-run/notifications.json
Outputs/moltbook/2026-05-19-1915-edt-participation-pulse-run/post-comments.json	1779232582	8665	stale report	cleanup-staging/2026-05-23/files/Outputs/moltbook/2026-05-19-1915-edt-participation-pulse-run/post-comments.json
Outputs/moltbook/2026-05-19-193000-edt-codi-moltbook-reply-watcher.md	1779233490	1860	stale watcher artifact	cleanup-staging/2026-05-23/files/Outputs/moltbook/2026-05-19-193000-edt-codi-moltbook-reply-watcher.md
Outputs/moltbook/2026-05-19-193000-edt-reply-watcher-run/api-v1-agents-dm-requests.headers.txt	1779233452	495	stale watcher artifact	cleanup-staging/2026-05-23/files/Outputs/moltbook/2026-05-19-193000-edt-reply-watcher-run/api-v1-agents-dm-requests.headers.txt
Outputs/moltbook/2026-05-19-193000-edt-reply-watcher-run/api-v1-agents-dm-requests.json	1779233452	228	stale watcher artifact	cleanup-staging/2026-05-23/files/Outputs/moltbook/2026-05-19-193000-edt-reply-watcher-run/api-v1-agents-dm-requests.json
Outputs/moltbook/2026-05-19-193000-edt-reply-watcher-run/api-v1-agents-dm-requests.status.txt	1779233452	4	stale watcher artifact	cleanup-staging/2026-05-23/files/Outputs/moltbook/2026-05-19-193000-edt-reply-watcher-run/api-v1-agents-dm-requests.status.txt
Outputs/moltbook/2026-05-19-193000-edt-reply-watcher-run/api-v1-home.headers.txt	1779233452	497	stale watcher artifact	cleanup-staging/2026-05-23/files/Outputs/moltbook/2026-05-19-193000-edt-reply-watcher-run/api-v1-home.headers.txt
Outputs/moltbook/2026-05-19-193000-edt-reply-watcher-run/api-v1-home.json	1779233452	2214	stale watcher artifact	cleanup-staging/2026-05-23/files/Outputs/moltbook/2026-05-19-193000-edt-reply-watcher-run/api-v1-home.json
Outputs/moltbook/2026-05-19-193000-edt-reply-watcher-run/api-v1-home.status.txt	1779233452	4	stale watcher artifact	cleanup-staging/2026-05-23/files/Outputs/moltbook/2026-05-19-193000-edt-reply-watcher-run/api-v1-home.status.txt
Outputs/moltbook/2026-05-19-193000-edt-reply-watcher-run/api-v1-notifications.headers.txt	1779233452	498	stale watcher artifact	cleanup-staging/2026-05-23/files/Outputs/moltbook/2026-05-19-193000-edt-reply-watcher-run/api-v1-notifications.headers.txt
Outputs/moltbook/2026-05-19-193000-edt-reply-watcher-run/api-v1-notifications.json	1779233452	4269	stale watcher artifact	cleanup-staging/2026-05-23/files/Outputs/moltbook/2026-05-19-193000-edt-reply-watcher-run/api-v1-notifications.json
Outputs/moltbook/2026-05-19-193000-edt-reply-watcher-run/api-v1-notifications.status.txt	1779233452	4	stale watcher artifact	cleanup-staging/2026-05-23/files/Outputs/moltbook/2026-05-19-193000-edt-reply-watcher-run/api-v1-notifications.status.txt
Outputs/moltbook/2026-05-19-2000-edt-codi-moltbook-reply-watcher.md	1779235336	1948	stale watcher artifact	cleanup-staging/2026-05-23/files/Outputs/moltbook/2026-05-19-2000-edt-codi-moltbook-reply-watcher.md
Outputs/moltbook/2026-05-19-203000-edt-audio-unavailable.txt	1779237150	86	stale report	cleanup-staging/2026-05-23/files/Outputs/moltbook/2026-05-19-203000-edt-audio-unavailable.txt
Outputs/moltbook/2026-05-19-203000-edt-codi-moltbook-reply-watcher.md	1779237150	1667	stale watcher artifact	cleanup-staging/2026-05-23/files/Outputs/moltbook/2026-05-19-203000-edt-codi-moltbook-reply-watcher.md
Outputs/moltbook/2026-05-19-203000-edt-reply-watcher-run/api-v1-agents-dm-requests.headers.txt	1779237093	495	stale watcher artifact	cleanup-staging/2026-05-23/files/Outputs/moltbook/2026-05-19-203000-edt-reply-watcher-run/api-v1-agents-dm-requests.headers.txt
Outputs/moltbook/2026-05-19-203000-edt-reply-watcher-run/api-v1-agents-dm-requests.json	1779237093	228	stale watcher artifact	cleanup-staging/2026-05-23/files/Outputs/moltbook/2026-05-19-203000-edt-reply-watcher-run/api-v1-agents-dm-requests.json
Outputs/moltbook/2026-05-19-203000-edt-reply-watcher-run/api-v1-agents-dm-requests.status.txt	1779237093	3	stale watcher artifact	cleanup-staging/2026-05-23/files/Outputs/moltbook/2026-05-19-203000-edt-reply-watcher-run/api-v1-agents-dm-requests.status.txt
Outputs/moltbook/2026-05-19-203000-edt-reply-watcher-run/api-v1-home.headers.txt	1779237093	497	stale watcher artifact	cleanup-staging/2026-05-23/files/Outputs/moltbook/2026-05-19-203000-edt-reply-watcher-run/api-v1-home.headers.txt
Outputs/moltbook/2026-05-19-203000-edt-reply-watcher-run/api-v1-home.json	1779237093	2214	stale watcher artifact	cleanup-staging/2026-05-23/files/Outputs/moltbook/2026-05-19-203000-edt-reply-watcher-run/api-v1-home.json
Outputs/moltbook/2026-05-19-203000-edt-reply-watcher-run/api-v1-home.status.txt	1779237093	3	stale watcher artifact	cleanup-staging/2026-05-23/files/Outputs/moltbook/2026-05-19-203000-edt-reply-watcher-run/api-v1-home.status.txt
Outputs/moltbook/2026-05-19-203000-edt-reply-watcher-run/api-v1-notifications.headers.txt	1779237094	498	stale watcher artifact	cleanup-staging/2026-05-23/files/Outputs/moltbook/2026-05-19-203000-edt-reply-watcher-run/api-v1-notifications.headers.txt
Outputs/moltbook/2026-05-19-203000-edt-reply-watcher-run/api-v1-notifications.json	1779237094	4273	stale watcher artifact	cleanup-staging/2026-05-23/files/Outputs/moltbook/2026-05-19-203000-edt-reply-watcher-run/api-v1-notifications.json
Outputs/moltbook/2026-05-19-203000-edt-reply-watcher-run/api-v1-notifications.status.txt	1779237094	3	stale watcher artifact	cleanup-staging/2026-05-23/files/Outputs/moltbook/2026-05-19-203000-edt-reply-watcher-run/api-v1-notifications.status.txt
Outputs/moltbook/2026-05-19-2101-edt-codi-moltbook-reply-watcher.md	1779238957	2126	stale watcher artifact	cleanup-staging/2026-05-23/files/Outputs/moltbook/2026-05-19-2101-edt-codi-moltbook-reply-watcher.md
Outputs/moltbook/2026-05-19-2101-edt-reply-watcher-run.json	1779238935	10477	stale watcher artifact	cleanup-staging/2026-05-23/files/Outputs/moltbook/2026-05-19-2101-edt-reply-watcher-run.json
Outputs/moltbook/2026-05-19-2130-edt-codi-moltbook-reply-watcher.md	1779240696	2019	stale watcher artifact	cleanup-staging/2026-05-23/files/Outputs/moltbook/2026-05-19-2130-edt-codi-moltbook-reply-watcher.md
Outputs/moltbook/2026-05-19-2130-edt-reply-watcher-run.json	1779240666	11870	stale watcher artifact	cleanup-staging/2026-05-23/files/Outputs/moltbook/2026-05-19-2130-edt-reply-watcher-run.json
Outputs/moltbook/2026-05-19-213000-edt-reply-watcher-run/api-v1-agents-dm-requests.headers.txt	1779240666	495	stale watcher artifact	cleanup-staging/2026-05-23/files/Outputs/moltbook/2026-05-19-213000-edt-reply-watcher-run/api-v1-agents-dm-requests.headers.txt
Outputs/moltbook/2026-05-19-213000-edt-reply-watcher-run/api-v1-agents-dm-requests.json	1779240666	228	stale watcher artifact	cleanup-staging/2026-05-23/files/Outputs/moltbook/2026-05-19-213000-edt-reply-watcher-run/api-v1-agents-dm-requests.json
Outputs/moltbook/2026-05-19-213000-edt-reply-watcher-run/api-v1-agents-dm-requests.status.txt	1779240666	8	stale watcher artifact	cleanup-staging/2026-05-23/files/Outputs/moltbook/2026-05-19-213000-edt-reply-watcher-run/api-v1-agents-dm-requests.status.txt
Outputs/moltbook/2026-05-19-213000-edt-reply-watcher-run/api-v1-home.headers.txt	1779240665	497	stale watcher artifact	cleanup-staging/2026-05-23/files/Outputs/moltbook/2026-05-19-213000-edt-reply-watcher-run/api-v1-home.headers.txt
Outputs/moltbook/2026-05-19-213000-edt-reply-watcher-run/api-v1-home.json	1779240665	2214	stale watcher artifact	cleanup-staging/2026-05-23/files/Outputs/moltbook/2026-05-19-213000-edt-reply-watcher-run/api-v1-home.json
Outputs/moltbook/2026-05-19-213000-edt-reply-watcher-run/api-v1-home.status.txt	1779240665	8	stale watcher artifact	cleanup-staging/2026-05-23/files/Outputs/moltbook/2026-05-19-213000-edt-reply-watcher-run/api-v1-home.status.txt
Outputs/moltbook/2026-05-19-213000-edt-reply-watcher-run/api-v1-notifications.headers.txt	1779240666	498	stale watcher artifact	cleanup-staging/2026-05-23/files/Outputs/moltbook/2026-05-19-213000-edt-reply-watcher-run/api-v1-notifications.headers.txt
Outputs/moltbook/2026-05-19-213000-edt-reply-watcher-run/api-v1-notifications.json	1779240666	4259	stale watcher artifact	cleanup-staging/2026-05-23/files/Outputs/moltbook/2026-05-19-213000-edt-reply-watcher-run/api-v1-notifications.json
Outputs/moltbook/2026-05-19-213000-edt-reply-watcher-run/api-v1-notifications.status.txt	1779240666	8	stale watcher artifact	cleanup-staging/2026-05-23/files/Outputs/moltbook/2026-05-19-213000-edt-reply-watcher-run/api-v1-notifications.status.txt
Outputs/moltbook/2026-05-19-220000-edt-codi-moltbook-reply-watcher.md	1779242492	1369	stale watcher artifact	cleanup-staging/2026-05-23/files/Outputs/moltbook/2026-05-19-220000-edt-codi-moltbook-reply-watcher.md
Outputs/moltbook/2026-05-19-220000-edt-reply-watcher-run/api-v1-agents-dm-requests.headers.txt	1779242436	495	stale watcher artifact	cleanup-staging/2026-05-23/files/Outputs/moltbook/2026-05-19-220000-edt-reply-watcher-run/api-v1-agents-dm-requests.headers.txt
Outputs/moltbook/2026-05-19-220000-edt-reply-watcher-run/api-v1-agents-dm-requests.json	1779242436	228	stale watcher artifact	cleanup-staging/2026-05-23/files/Outputs/moltbook/2026-05-19-220000-edt-reply-watcher-run/api-v1-agents-dm-requests.json
Outputs/moltbook/2026-05-19-220000-edt-reply-watcher-run/api-v1-agents-dm-requests.status.txt	1779242436	3	stale watcher artifact	cleanup-staging/2026-05-23/files/Outputs/moltbook/2026-05-19-220000-edt-reply-watcher-run/api-v1-agents-dm-requests.status.txt
Outputs/moltbook/2026-05-19-220000-edt-reply-watcher-run/api-v1-home.headers.txt	1779242436	497	stale watcher artifact	cleanup-staging/2026-05-23/files/Outputs/moltbook/2026-05-19-220000-edt-reply-watcher-run/api-v1-home.headers.txt
Outputs/moltbook/2026-05-19-220000-edt-reply-watcher-run/api-v1-home.json	1779242436	2214	stale watcher artifact	cleanup-staging/2026-05-23/files/Outputs/moltbook/2026-05-19-220000-edt-reply-watcher-run/api-v1-home.json
Outputs/moltbook/2026-05-19-220000-edt-reply-watcher-run/api-v1-home.status.txt	1779242436	3	stale watcher artifact	cleanup-staging/2026-05-23/files/Outputs/moltbook/2026-05-19-220000-edt-reply-watcher-run/api-v1-home.status.txt
Outputs/moltbook/2026-05-19-220000-edt-reply-watcher-run/api-v1-notifications.headers.txt	1779242437	498	stale watcher artifact	cleanup-staging/2026-05-23/files/Outputs/moltbook/2026-05-19-220000-edt-reply-watcher-run/api-v1-notifications.headers.txt
Outputs/moltbook/2026-05-19-220000-edt-reply-watcher-run/api-v1-notifications.json	1779242437	4255	stale watcher artifact	cleanup-staging/2026-05-23/files/Outputs/moltbook/2026-05-19-220000-edt-reply-watcher-run/api-v1-notifications.json
Outputs/moltbook/2026-05-19-220000-edt-reply-watcher-run/api-v1-notifications.status.txt	1779242437	3	stale watcher artifact	cleanup-staging/2026-05-23/files/Outputs/moltbook/2026-05-19-220000-edt-reply-watcher-run/api-v1-notifications.status.txt
Outputs/moltbook/2026-05-19-2230-edt-codi-moltbook-reply-watcher.md	1779244294	1994	stale watcher artifact	cleanup-staging/2026-05-23/files/Outputs/moltbook/2026-05-19-2230-edt-codi-moltbook-reply-watcher.md
Outputs/moltbook/2026-05-19-223000-edt-reply-watcher-run/api-v1-agents-dm-requests.headers.txt	1779244269	495	stale watcher artifact	cleanup-staging/2026-05-23/files/Outputs/moltbook/2026-05-19-223000-edt-reply-watcher-run/api-v1-agents-dm-requests.headers.txt
Outputs/moltbook/2026-05-19-223000-edt-reply-watcher-run/api-v1-agents-dm-requests.json	1779244269	228	stale watcher artifact	cleanup-staging/2026-05-23/files/Outputs/moltbook/2026-05-19-223000-edt-reply-watcher-run/api-v1-agents-dm-requests.json
Outputs/moltbook/2026-05-19-223000-edt-reply-watcher-run/api-v1-agents-dm-requests.status.txt	1779244269	4	stale watcher artifact	cleanup-staging/2026-05-23/files/Outputs/moltbook/2026-05-19-223000-edt-reply-watcher-run/api-v1-agents-dm-requests.status.txt
Outputs/moltbook/2026-05-19-223000-edt-reply-watcher-run/api-v1-home.headers.txt	1779244268	497	stale watcher artifact	cleanup-staging/2026-05-23/files/Outputs/moltbook/2026-05-19-223000-edt-reply-watcher-run/api-v1-home.headers.txt
Outputs/moltbook/2026-05-19-223000-edt-reply-watcher-run/api-v1-home.json	1779244268	2214	stale watcher artifact	cleanup-staging/2026-05-23/files/Outputs/moltbook/2026-05-19-223000-edt-reply-watcher-run/api-v1-home.json
Outputs/moltbook/2026-05-19-223000-edt-reply-watcher-run/api-v1-home.status.txt	1779244268	4	stale watcher artifact	cleanup-staging/2026-05-23/files/Outputs/moltbook/2026-05-19-223000-edt-reply-watcher-run/api-v1-home.status.txt
Outputs/moltbook/2026-05-19-223000-edt-reply-watcher-run/api-v1-notifications.headers.txt	1779244269	498	stale watcher artifact	cleanup-staging/2026-05-23/files/Outputs/moltbook/2026-05-19-223000-edt-reply-watcher-run/api-v1-notifications.headers.txt
Outputs/moltbook/2026-05-19-223000-edt-reply-watcher-run/api-v1-notifications.json	1779244269	4273	stale watcher artifact	cleanup-staging/2026-05-23/files/Outputs/moltbook/2026-05-19-223000-edt-reply-watcher-run/api-v1-notifications.json
Outputs/moltbook/2026-05-19-223000-edt-reply-watcher-run/api-v1-notifications.status.txt	1779244269	4	stale watcher artifact	cleanup-staging/2026-05-23/files/Outputs/moltbook/2026-05-19-223000-edt-reply-watcher-run/api-v1-notifications.status.txt
Outputs/moltbook/2026-05-19-2300-edt-codi-moltbook-reply-watcher.md	1779246093	1795	stale watcher artifact	cleanup-staging/2026-05-23/files/Outputs/moltbook/2026-05-19-2300-edt-codi-moltbook-reply-watcher.md
Outputs/moltbook/2026-05-19-2300-edt-reply-watcher-run/api-v1-agents-dm-requests.headers.txt	1779246056	495	stale watcher artifact	cleanup-staging/2026-05-23/files/Outputs/moltbook/2026-05-19-2300-edt-reply-watcher-run/api-v1-agents-dm-requests.headers.txt
Outputs/moltbook/2026-05-19-2300-edt-reply-watcher-run/api-v1-agents-dm-requests.json	1779246056	228	stale watcher artifact	cleanup-staging/2026-05-23/files/Outputs/moltbook/2026-05-19-2300-edt-reply-watcher-run/api-v1-agents-dm-requests.json
Outputs/moltbook/2026-05-19-2300-edt-reply-watcher-run/api-v1-agents-dm-requests.status.txt	1779246056	4	stale watcher artifact	cleanup-staging/2026-05-23/files/Outputs/moltbook/2026-05-19-2300-edt-reply-watcher-run/api-v1-agents-dm-requests.status.txt
Outputs/moltbook/2026-05-19-2300-edt-reply-watcher-run/api-v1-home.headers.txt	1779246056	497	stale watcher artifact	cleanup-staging/2026-05-23/files/Outputs/moltbook/2026-05-19-2300-edt-reply-watcher-run/api-v1-home.headers.txt
Outputs/moltbook/2026-05-19-2300-edt-reply-watcher-run/api-v1-home.json	1779246056	2214	stale watcher artifact	cleanup-staging/2026-05-23/files/Outputs/moltbook/2026-05-19-2300-edt-reply-watcher-run/api-v1-home.json
Outputs/moltbook/2026-05-19-2300-edt-reply-watcher-run/api-v1-home.status.txt	1779246056	4	stale watcher artifact	cleanup-staging/2026-05-23/files/Outputs/moltbook/2026-05-19-2300-edt-reply-watcher-run/api-v1-home.status.txt
Outputs/moltbook/2026-05-19-2300-edt-reply-watcher-run/api-v1-notifications.headers.txt	1779246057	498	stale watcher artifact	cleanup-staging/2026-05-23/files/Outputs/moltbook/2026-05-19-2300-edt-reply-watcher-run/api-v1-notifications.headers.txt
Outputs/moltbook/2026-05-19-2300-edt-reply-watcher-run/api-v1-notifications.json	1779246057	4269	stale watcher artifact	cleanup-staging/2026-05-23/files/Outputs/moltbook/2026-05-19-2300-edt-reply-watcher-run/api-v1-notifications.json
Outputs/moltbook/2026-05-19-2300-edt-reply-watcher-run/api-v1-notifications.status.txt	1779246057	4	stale watcher artifact	cleanup-staging/2026-05-23/files/Outputs/moltbook/2026-05-19-2300-edt-reply-watcher-run/api-v1-notifications.status.txt
Outputs/moltbook/2026-05-19-233202-edt-codi-moltbook-reply-watcher.md	1779247924	1839	stale watcher artifact	cleanup-staging/2026-05-23/files/Outputs/moltbook/2026-05-19-233202-edt-codi-moltbook-reply-watcher.md
Outputs/moltbook/2026-05-19-233202-edt-reply-watcher-run.json	1779247924	11877	stale watcher artifact	cleanup-staging/2026-05-23/files/Outputs/moltbook/2026-05-19-233202-edt-reply-watcher-run.json
Outputs/moltbook/2026-05-19-233202-edt-reply-watcher-run/agents-dm-requests.json	1779247923	228	stale watcher artifact	cleanup-staging/2026-05-23/files/Outputs/moltbook/2026-05-19-233202-edt-reply-watcher-run/agents-dm-requests.json
Outputs/moltbook/2026-05-19-233202-edt-reply-watcher-run/agents-dm-requests.status.txt	1779247923	3	stale watcher artifact	cleanup-staging/2026-05-23/files/Outputs/moltbook/2026-05-19-233202-edt-reply-watcher-run/agents-dm-requests.status.txt
Outputs/moltbook/2026-05-19-233202-edt-reply-watcher-run/home.json	1779247923	2214	stale watcher artifact	cleanup-staging/2026-05-23/files/Outputs/moltbook/2026-05-19-233202-edt-reply-watcher-run/home.json
Outputs/moltbook/2026-05-19-233202-edt-reply-watcher-run/home.status.txt	1779247923	3	stale watcher artifact	cleanup-staging/2026-05-23/files/Outputs/moltbook/2026-05-19-233202-edt-reply-watcher-run/home.status.txt
Outputs/moltbook/2026-05-19-233202-edt-reply-watcher-run/notifications.json	1779247924	4255	stale watcher artifact	cleanup-staging/2026-05-23/files/Outputs/moltbook/2026-05-19-233202-edt-reply-watcher-run/notifications.json
Outputs/moltbook/2026-05-19-233202-edt-reply-watcher-run/notifications.status.txt	1779247924	3	stale watcher artifact	cleanup-staging/2026-05-23/files/Outputs/moltbook/2026-05-19-233202-edt-reply-watcher-run/notifications.status.txt
Outputs/moltbook/2026-05-19-codi-moltbook-curiosity-pulse.md	1779206666	2882	stale report	cleanup-staging/2026-05-23/files/Outputs/moltbook/2026-05-19-codi-moltbook-curiosity-pulse.md
Outputs/moltbook/2026-05-19-codi-moltbook-daily-report.md	1779238050	2371	stale report	cleanup-staging/2026-05-23/files/Outputs/moltbook/2026-05-19-codi-moltbook-daily-report.md
Outputs/moltbook/2026-05-19-codi-moltbook-daily-review.md	1779237223	4390	stale report	cleanup-staging/2026-05-23/files/Outputs/moltbook/2026-05-19-codi-moltbook-daily-review.md
Outputs/moltbook/2026-05-19/codi-moltbook-reply-watcher-190000-EDT.md	1779231666	1321	stale watcher artifact	cleanup-staging/2026-05-23/files/Outputs/moltbook/2026-05-19/codi-moltbook-reply-watcher-190000-EDT.md
Outputs/moltbook/2026-05-19/dm-reply-watcher-2026-05-19T0630-04-00.json	1779186741	4400	stale watcher artifact	cleanup-staging/2026-05-23/files/Outputs/moltbook/2026-05-19/dm-reply-watcher-2026-05-19T0630-04-00.json
Outputs/moltbook/2026-05-19/dm-reply-watcher-2026-05-19T070114-04-00.json	1779188523	1601	stale watcher artifact	cleanup-staging/2026-05-23/files/Outputs/moltbook/2026-05-19/dm-reply-watcher-2026-05-19T070114-04-00.json
Outputs/moltbook/2026-05-19_moltbook-curiosity-pulse.md	1779228364	2304	stale report	cleanup-staging/2026-05-23/files/Outputs/moltbook/2026-05-19_moltbook-curiosity-pulse.md
Outputs/moltbook/2026-05-19_moltbook_curiosity_pulse.md	1779163502	1170	stale report	cleanup-staging/2026-05-23/files/Outputs/moltbook/2026-05-19_moltbook_curiosity_pulse.md
Outputs/moltbook/2026-05-20-0001-edt-codi-moltbook-reply-watcher.md	1779249783	1916	stale watcher artifact	cleanup-staging/2026-05-23/files/Outputs/moltbook/2026-05-20-0001-edt-codi-moltbook-reply-watcher.md
Outputs/moltbook/2026-05-20-0001-edt-reply-watcher-run.json	1779249749	8788	stale watcher artifact	cleanup-staging/2026-05-23/files/Outputs/moltbook/2026-05-20-0001-edt-reply-watcher-run.json
Outputs/moltbook/2026-05-20-0001-edt-reply-watcher-run/api-v1-agents-dm-requests.json	1779249749	228	stale watcher artifact	cleanup-staging/2026-05-23/files/Outputs/moltbook/2026-05-20-0001-edt-reply-watcher-run/api-v1-agents-dm-requests.json
Outputs/moltbook/2026-05-20-0001-edt-reply-watcher-run/api-v1-agents-dm-requests.status.txt	1779249749	4	stale watcher artifact	cleanup-staging/2026-05-23/files/Outputs/moltbook/2026-05-20-0001-edt-reply-watcher-run/api-v1-agents-dm-requests.status.txt
Outputs/moltbook/2026-05-20-0001-edt-reply-watcher-run/api-v1-home.json	1779249749	2214	stale watcher artifact	cleanup-staging/2026-05-23/files/Outputs/moltbook/2026-05-20-0001-edt-reply-watcher-run/api-v1-home.json
Outputs/moltbook/2026-05-20-0001-edt-reply-watcher-run/api-v1-home.status.txt	1779249749	4	stale watcher artifact	cleanup-staging/2026-05-23/files/Outputs/moltbook/2026-05-20-0001-edt-reply-watcher-run/api-v1-home.status.txt
Outputs/moltbook/2026-05-20-0001-edt-reply-watcher-run/api-v1-notifications.json	1779249749	4259	stale watcher artifact	cleanup-staging/2026-05-23/files/Outputs/moltbook/2026-05-20-0001-edt-reply-watcher-run/api-v1-notifications.json
Outputs/moltbook/2026-05-20-0001-edt-reply-watcher-run/api-v1-notifications.status.txt	1779249749	4	stale watcher artifact	cleanup-staging/2026-05-23/files/Outputs/moltbook/2026-05-20-0001-edt-reply-watcher-run/api-v1-notifications.status.txt
Outputs/moltbook/2026-05-20-0030-edt-codi-moltbook-reply-watcher.md	1779251480	1763	stale watcher artifact	cleanup-staging/2026-05-23/files/Outputs/moltbook/2026-05-20-0030-edt-codi-moltbook-reply-watcher.md
Outputs/moltbook/2026-05-20-0200-edt-codi-moltbook-reply-watcher.md	1779256905	1662	stale watcher artifact	cleanup-staging/2026-05-23/files/Outputs/moltbook/2026-05-20-0200-edt-codi-moltbook-reply-watcher.md
Outputs/moltbook/2026-05-20-0200-edt-reply-watcher-run.json	1779256856	237	stale watcher artifact	cleanup-staging/2026-05-23/files/Outputs/moltbook/2026-05-20-0200-edt-reply-watcher-run.json
Outputs/moltbook/2026-05-20-0200-edt-reply-watcher-run/api-v1-agents-dm-requests.json	1779256856	228	stale watcher artifact	cleanup-staging/2026-05-23/files/Outputs/moltbook/2026-05-20-0200-edt-reply-watcher-run/api-v1-agents-dm-requests.json
Outputs/moltbook/2026-05-20-0200-edt-reply-watcher-run/api-v1-agents-dm-requests.status.txt	1779256856	3	stale watcher artifact	cleanup-staging/2026-05-23/files/Outputs/moltbook/2026-05-20-0200-edt-reply-watcher-run/api-v1-agents-dm-requests.status.txt
Outputs/moltbook/2026-05-20-0200-edt-reply-watcher-run/api-v1-home.json	1779256855	2214	stale watcher artifact	cleanup-staging/2026-05-23/files/Outputs/moltbook/2026-05-20-0200-edt-reply-watcher-run/api-v1-home.json
Outputs/moltbook/2026-05-20-0200-edt-reply-watcher-run/api-v1-home.status.txt	1779256855	3	stale watcher artifact	cleanup-staging/2026-05-23/files/Outputs/moltbook/2026-05-20-0200-edt-reply-watcher-run/api-v1-home.status.txt
Outputs/moltbook/2026-05-20-0200-edt-reply-watcher-run/api-v1-notifications.json	1779256856	4251	stale watcher artifact	cleanup-staging/2026-05-23/files/Outputs/moltbook/2026-05-20-0200-edt-reply-watcher-run/api-v1-notifications.json
Outputs/moltbook/2026-05-20-0200-edt-reply-watcher-run/api-v1-notifications.status.txt	1779256856	3	stale watcher artifact	cleanup-staging/2026-05-23/files/Outputs/moltbook/2026-05-20-0200-edt-reply-watcher-run/api-v1-notifications.status.txt
Outputs/moltbook/2026-05-20-023156-edt-codi-moltbook-reply-watcher.md	1779258755	1488	stale watcher artifact	cleanup-staging/2026-05-23/files/Outputs/moltbook/2026-05-20-023156-edt-codi-moltbook-reply-watcher.md
Outputs/moltbook/2026-05-20-0301-edt-codi-moltbook-reply-watcher.md	1779260556	1161	stale watcher artifact	cleanup-staging/2026-05-23/files/Outputs/moltbook/2026-05-20-0301-edt-codi-moltbook-reply-watcher.md
Outputs/moltbook/2026-05-20-0301-edt-reply-watcher-run/api-v1-agents-dm-requests.headers.txt	1779260516	495	stale watcher artifact	cleanup-staging/2026-05-23/files/Outputs/moltbook/2026-05-20-0301-edt-reply-watcher-run/api-v1-agents-dm-requests.headers.txt
Outputs/moltbook/2026-05-20-0301-edt-reply-watcher-run/api-v1-agents-dm-requests.json	1779260516	228	stale watcher artifact	cleanup-staging/2026-05-23/files/Outputs/moltbook/2026-05-20-0301-edt-reply-watcher-run/api-v1-agents-dm-requests.json
Outputs/moltbook/2026-05-20-0301-edt-reply-watcher-run/api-v1-agents-dm-requests.status.txt	1779260516	4	stale watcher artifact	cleanup-staging/2026-05-23/files/Outputs/moltbook/2026-05-20-0301-edt-reply-watcher-run/api-v1-agents-dm-requests.status.txt
Outputs/moltbook/2026-05-20-0301-edt-reply-watcher-run/api-v1-home.headers.txt	1779260516	497	stale watcher artifact	cleanup-staging/2026-05-23/files/Outputs/moltbook/2026-05-20-0301-edt-reply-watcher-run/api-v1-home.headers.txt
Outputs/moltbook/2026-05-20-0301-edt-reply-watcher-run/api-v1-home.json	1779260516	2214	stale watcher artifact	cleanup-staging/2026-05-23/files/Outputs/moltbook/2026-05-20-0301-edt-reply-watcher-run/api-v1-home.json
Outputs/moltbook/2026-05-20-0301-edt-reply-watcher-run/api-v1-home.status.txt	1779260516	4	stale watcher artifact	cleanup-staging/2026-05-23/files/Outputs/moltbook/2026-05-20-0301-edt-reply-watcher-run/api-v1-home.status.txt
Outputs/moltbook/2026-05-20-0301-edt-reply-watcher-run/api-v1-notifications.headers.txt	1779260517	498	stale watcher artifact	cleanup-staging/2026-05-23/files/Outputs/moltbook/2026-05-20-0301-edt-reply-watcher-run/api-v1-notifications.headers.txt
Outputs/moltbook/2026-05-20-0301-edt-reply-watcher-run/api-v1-notifications.json	1779260517	4270	stale watcher artifact	cleanup-staging/2026-05-23/files/Outputs/moltbook/2026-05-20-0301-edt-reply-watcher-run/api-v1-notifications.json
Outputs/moltbook/2026-05-20-0301-edt-reply-watcher-run/api-v1-notifications.status.txt	1779260517	4	stale watcher artifact	cleanup-staging/2026-05-23/files/Outputs/moltbook/2026-05-20-0301-edt-reply-watcher-run/api-v1-notifications.status.txt
Outputs/moltbook/2026-05-20-033133-edt-codi-moltbook-reply-watcher.md	1779262318	936	stale watcher artifact	cleanup-staging/2026-05-23/files/Outputs/moltbook/2026-05-20-033133-edt-codi-moltbook-reply-watcher.md
Outputs/moltbook/2026-05-20-033133-edt-reply-watcher-run/agents-dm-requests.json	1779262297	228	stale watcher artifact	cleanup-staging/2026-05-23/files/Outputs/moltbook/2026-05-20-033133-edt-reply-watcher-run/agents-dm-requests.json
Outputs/moltbook/2026-05-20-033133-edt-reply-watcher-run/agents-dm-requests.status.txt	1779262297	9	stale watcher artifact	cleanup-staging/2026-05-23/files/Outputs/moltbook/2026-05-20-033133-edt-reply-watcher-run/agents-dm-requests.status.txt
Outputs/moltbook/2026-05-20-033133-edt-reply-watcher-run/home.json	1779262294	2214	stale watcher artifact	cleanup-staging/2026-05-23/files/Outputs/moltbook/2026-05-20-033133-edt-reply-watcher-run/home.json
Outputs/moltbook/2026-05-20-033133-edt-reply-watcher-run/home.status.txt	1779262294	9	stale watcher artifact	cleanup-staging/2026-05-23/files/Outputs/moltbook/2026-05-20-033133-edt-reply-watcher-run/home.status.txt
Outputs/moltbook/2026-05-20-033133-edt-reply-watcher-run/notifications.json	1779262297	4255	stale watcher artifact	cleanup-staging/2026-05-23/files/Outputs/moltbook/2026-05-20-033133-edt-reply-watcher-run/notifications.json
Outputs/moltbook/2026-05-20-033133-edt-reply-watcher-run/notifications.status.txt	1779262297	9	stale watcher artifact	cleanup-staging/2026-05-23/files/Outputs/moltbook/2026-05-20-033133-edt-reply-watcher-run/notifications.status.txt
Outputs/moltbook/2026-05-20-040112-edt-codi-moltbook-reply-watcher.md	1779264089	1423	stale watcher artifact	cleanup-staging/2026-05-23/files/Outputs/moltbook/2026-05-20-040112-edt-codi-moltbook-reply-watcher.md
Outputs/moltbook/2026-05-20-040112-edt-reply-watcher-run.json	1779264073	9038	stale watcher artifact	cleanup-staging/2026-05-23/files/Outputs/moltbook/2026-05-20-040112-edt-reply-watcher-run.json
Outputs/moltbook/2026-05-20-040112-edt-reply-watcher-run/api-v1-agents-dm-requests.json	1779264073	228	stale watcher artifact	cleanup-staging/2026-05-23/files/Outputs/moltbook/2026-05-20-040112-edt-reply-watcher-run/api-v1-agents-dm-requests.json
Outputs/moltbook/2026-05-20-040112-edt-reply-watcher-run/api-v1-home.json	1779264073	2214	stale watcher artifact	cleanup-staging/2026-05-23/files/Outputs/moltbook/2026-05-20-040112-edt-reply-watcher-run/api-v1-home.json
Outputs/moltbook/2026-05-20-040112-edt-reply-watcher-run/api-v1-notifications.json	1779264073	4265	stale watcher artifact	cleanup-staging/2026-05-23/files/Outputs/moltbook/2026-05-20-040112-edt-reply-watcher-run/api-v1-notifications.json
Outputs/promotion-logs/2026-05-16-durable-memory-promotion-log.md	1778980234	2875	stale report	cleanup-staging/2026-05-23/files/Outputs/promotion-logs/2026-05-16-durable-memory-promotion-log.md
Outputs/promotion-logs/2026-05-17-durable-memory-promotion-log.md	1778999675	3088	stale report	cleanup-staging/2026-05-23/files/Outputs/promotion-logs/2026-05-17-durable-memory-promotion-log.md
Outputs/promotion-logs/2026-05-18-durable-memory-promotion-log.md	1779086042	2902	stale report	cleanup-staging/2026-05-23/files/Outputs/promotion-logs/2026-05-18-durable-memory-promotion-log.md
Outputs/promotion-logs/2026-05-19-durable-memory-promotion-log.md	1779172495	2999	stale report	cleanup-staging/2026-05-23/files/Outputs/promotion-logs/2026-05-19-durable-memory-promotion-log.md
Outputs/promotion-logs/2026-05-20-durable-memory-promotion-log.md	1779258869	7258	stale report	cleanup-staging/2026-05-23/files/Outputs/promotion-logs/2026-05-20-durable-memory-promotion-log.md
archives.zip	1778911785	298011	stale archive residue	cleanup-staging/2026-05-23/files/archives.zip
event-log/migrations/001_init.sql	1775890872	1004	stale migrated backup	cleanup-staging/2026-05-23/files/event-log/migrations/001_init.sql
maintenance/stale-staging/2026-05-16/summary.json	1778981124	3964	stale report	cleanup-staging/2026-05-23/files/maintenance/stale-staging/2026-05-16/summary.json
memory/migration-backups/20260516-daily-note-normalization/2026-05-05-request-timed-out-before-a-res.md	1778031128	32633	stale migrated backup	cleanup-staging/2026-05-23/files/memory/migration-backups/20260516-daily-note-normalization/2026-05-05-request-timed-out-before-a-res.md
memory/migration-backups/20260516-daily-note-normalization/2026-05-07-closed-book.md	1778128073	17622	stale migrated backup	cleanup-staging/2026-05-23/files/memory/migration-backups/20260516-daily-note-normalization/2026-05-07-closed-book.md
memory/migration-backups/20260516-daily-note-normalization/2026-05-08-trust-breach.md	1778274732	4999	stale migrated backup	cleanup-staging/2026-05-23/files/memory/migration-backups/20260516-daily-note-normalization/2026-05-08-trust-breach.md
memory/migration-backups/20260516-daily-note-normalization/2026-05-10-0851.md	1778417491	3259	stale migrated backup	cleanup-staging/2026-05-23/files/memory/migration-backups/20260516-daily-note-normalization/2026-05-10-0851.md
memory/migration-backups/20260516-daily-note-normalization/2026-05-10-greeting.md	1778396452	221	stale migrated backup	cleanup-staging/2026-05-23/files/memory/migration-backups/20260516-daily-note-normalization/2026-05-10-greeting.md
memory/migration-backups/20260516-daily-note-normalization/2026-05-11-1441.md	1778524875	243	stale migrated backup	cleanup-staging/2026-05-23/files/memory/migration-backups/20260516-daily-note-normalization/2026-05-11-1441.md
memory/migration-backups/20260516-daily-note-normalization/2026-05-14 copy.md	1778772412	768	stale migrated backup	cleanup-staging/2026-05-23/files/memory/migration-backups/20260516-daily-note-normalization/2026-05-14 copy.md
memory/migration-backups/20260516-daily-note-normalization/2026-05-14-0305.md	1778742335	3966	stale migrated backup	cleanup-staging/2026-05-23/files/memory/migration-backups/20260516-daily-note-normalization/2026-05-14-0305.md
memory/migration-backups/20260516-daily-note-normalization/2026-05-14-1528.md	1778786907	207	stale migrated backup	cleanup-staging/2026-05-23/files/memory/migration-backups/20260516-daily-note-normalization/2026-05-14-1528.md
memory/migration-backups/20260516-daily-note-normalization/2026-05-14-1751.md	1778795489	11713	stale migrated backup	cleanup-staging/2026-05-23/files/memory/migration-backups/20260516-daily-note-normalization/2026-05-14-1751.md
memory/migration-backups/20260516-daily-note-normalization/2026-05-14-1957.md	1778803076	3944	stale migrated backup	cleanup-staging/2026-05-23/files/memory/migration-backups/20260516-daily-note-normalization/2026-05-14-1957.md
memory/migration-backups/20260516-daily-note-normalization/2026-05-15-0107.md	1778821633	2876	stale migrated backup	cleanup-staging/2026-05-23/files/memory/migration-backups/20260516-daily-note-normalization/2026-05-15-0107.md
memory/migration-backups/20260516-daily-note-normalization/2026-05-16-0046.md	1778906795	22554	stale migrated backup	cleanup-staging/2026-05-23/files/memory/migration-backups/20260516-daily-note-normalization/2026-05-16-0046.md
